company_id,year,cash_from_operations_cr,capex_cr,free_cash_flow_calculated_cr,fcf_conversion_pct,capex_to_cfo_pct,cfo_available_flag,capital_allocation_pattern
ABB,Dec 2012,101.0,59.0,42.0,41.584158415841586,58.415841584158414,True,Positive FCF + CapEx
ABB,Mar 2014,155.0,144.0,11.0,7.096774193548387,92.90322580645162,True,Positive FCF + CapEx
ABB,Mar 2014,0.0,0.0,0.0,,,True,Negative FCF
ABB,Mar 2015,215.0,187.0,28.0,13.023255813953488,86.9767441860465,True,Positive FCF + CapEx
ABB,Mar 2015,-35.0,1864.0,-1899.0,5425.714285714286,-5325.714285714286,True,Negative FCF + CapEx
ABB,Mar 2016,249.0,77.0,172.0,69.07630522088354,30.923694779116467,True,Positive FCF + CapEx
ABB,Mar 2016,1544.0,816.0,728.0,47.15025906735752,52.84974093264248,True,Positive FCF + CapEx
ABB,Mar 2017,307.0,155.0,152.0,49.5114006514658,50.4885993485342,True,Positive FCF + CapEx
ABB,Mar 2017,2189.0,1730.0,459.0,20.96847875742348,79.03152124257652,True,Positive FCF + CapEx
ABB,Mar 2018,153.0,215.0,-62.0,-40.52287581699346,140.52287581699346,True,Negative FCF + CapEx
ABB,Mar 2018,2198.0,3192.0,-994.0,-45.22292993630573,145.22292993630572,True,Negative FCF + CapEx
ABB,Mar 2019,499.0,257.0,242.0,48.49699398797595,51.503006012024045,True,Positive FCF + CapEx
ABB,Mar 2019,2591.0,3050.0,-459.0,-17.715167888846008,117.715167888846,True,Negative FCF + CapEx
ABB,Mar 2020,626.0,401.0,225.0,35.94249201277955,64.05750798722045,True,Positive FCF + CapEx
ABB,Mar 2020,5437.0,5643.0,-206.0,-3.788854147507817,103.78885414750782,True,Negative FCF + CapEx
ABB,Mar 2021,727.0,72.0,655.0,90.09628610729024,9.903713892709765,True,Positive FCF + CapEx
ABB,Mar 2021,3784.0,4009.0,-225.0,-5.946088794926005,105.946088794926,True,Negative FCF + CapEx
ABB,Mar 2022,948.0,396.0,552.0,58.22784810126582,41.77215189873418,True,Positive FCF + CapEx
ABB,Mar 2022,4097.0,3936.0,161.0,3.9297046619477665,96.07029533805223,True,Positive FCF + CapEx
ABB,Mar 2023,893.0,148.0,745.0,83.42665173572227,16.573348264277715,True,Positive FCF + CapEx
ABB,Mar 2023,3777.0,4699.0,-922.0,-24.41090812814403,124.41090812814404,True,Negative FCF + CapEx
ABB,Mar 2024,1213.0,416.0,797.0,65.70486397361913,34.295136026380874,True,Positive FCF + CapEx
ABB,Mar 2024,6038.0,4943.0,1095.0,18.135144087446175,81.86485591255382,True,Positive FCF + CapEx
ADANIENSOL,Mar 2014,0.0,0.0,0.0,,,True,Negative FCF
ADANIENSOL,Mar 2015,-35.0,1864.0,-1899.0,5425.714285714286,-5325.714285714286,True,Negative FCF + CapEx
ADANIENSOL,Mar 2016,1544.0,816.0,728.0,47.15025906735752,52.84974093264248,True,Positive FCF + CapEx
ADANIENSOL,Mar 2017,2189.0,1730.0,459.0,20.96847875742348,79.03152124257652,True,Positive FCF + CapEx
ADANIENSOL,Mar 2018,2198.0,3192.0,-994.0,-45.22292993630573,145.22292993630572,True,Negative FCF + CapEx
ADANIENSOL,Mar 2019,2591.0,3050.0,-459.0,-17.715167888846008,117.715167888846,True,Negative FCF + CapEx
ADANIENSOL,Mar 2020,5437.0,5643.0,-206.0,-3.788854147507817,103.78885414750782,True,Negative FCF + CapEx
ADANIENSOL,Mar 2021,3784.0,4009.0,-225.0,-5.946088794926005,105.946088794926,True,Negative FCF + CapEx
ADANIENSOL,Mar 2022,4097.0,3936.0,161.0,3.9297046619477665,96.07029533805223,True,Positive FCF + CapEx
ADANIENSOL,Mar 2023,3777.0,4699.0,-922.0,-24.41090812814403,124.41090812814404,True,Negative FCF + CapEx
ADANIENSOL,Mar 2024,6038.0,4943.0,1095.0,18.135144087446175,81.86485591255382,True,Positive FCF + CapEx
ADANIENT,Mar 2013,7666.0,14790.0,-7124.0,-92.92981998434647,192.92981998434647,True,Negative FCF + CapEx
ADANIENT,Mar 2014,8228.0,8007.0,221.0,2.6859504132231407,97.31404958677686,True,Positive FCF + CapEx
ADANIENT,Mar 2015,8532.0,11465.0,-2933.0,-34.37646507266761,134.3764650726676,True,Negative FCF + CapEx
ADANIENT,Mar 2016,5112.0,1825.0,3287.0,64.29968701095461,35.700312989045386,True,Positive FCF + CapEx
ADANIENT,Mar 2017,774.0,1460.0,-686.0,-88.63049095607235,188.63049095607235,True,Negative FCF + CapEx
ADANIENT,Mar 2018,2942.0,7649.0,-4707.0,-159.99320190346702,259.993201903467,True,Negative FCF + CapEx
ADANIENT,Mar 2019,3236.0,2487.0,749.0,23.145859085290482,76.85414091470952,True,Positive FCF + CapEx
ADANIENT,Mar 2020,2454.0,1082.0,1372.0,55.90872045639772,44.09127954360228,True,Positive FCF + CapEx
ADANIENT,Mar 2021,4043.0,8611.0,-4568.0,-112.98540687608212,212.9854068760821,True,Negative FCF + CapEx
ADANIENT,Mar 2022,1385.0,17041.0,-15656.0,-1130.3971119133575,1230.3971119133575,True,Negative FCF + CapEx
ADANIENT,Mar 2023,17626.0,15459.0,2167.0,12.29433790990582,87.70566209009418,True,Positive FCF + CapEx
ADANIENT,Mar 2024,10312.0,18767.0,-8455.0,-81.99185415050427,181.99185415050428,True,Negative FCF + CapEx
ADANIGREEN,Mar 2017,28.0,1511.0,-1483.0,-5296.428571428572,5396.428571428572,True,Negative FCF + CapEx
ADANIGREEN,Mar 2018,649.0,4428.0,-3779.0,-582.2804314329738,682.2804314329738,True,Negative FCF + CapEx
ADANIGREEN,Mar 2019,1625.0,2666.0,-1041.0,-64.06153846153846,164.06153846153845,True,Negative FCF + CapEx
ADANIGREEN,Mar 2020,1965.0,3743.0,-1778.0,-90.48346055979644,190.48346055979644,True,Negative FCF + CapEx
ADANIGREEN,Mar 2021,1601.0,9137.0,-7536.0,-470.70580886945663,570.7058088694566,True,Negative FCF + CapEx
ADANIGREEN,Mar 2022,3127.0,18730.0,-15603.0,-498.9766549408379,598.9766549408379,True,Negative FCF + CapEx
ADANIGREEN,Mar 2023,7265.0,3857.0,3408.0,46.90984170681349,53.090158293186505,True,Positive FCF + CapEx
ADANIGREEN,Mar 2024,7713.0,21060.0,-13347.0,-173.04550758459743,273.04550758459743,True,Negative FCF + CapEx
ADANIPORTS,Mar 2013,1379.0,5136.0,-3757.0,-272.4437998549674,372.4437998549674,True,Negative FCF + CapEx
ADANIPORTS,Mar 2014,1132.0,2510.0,-1378.0,-121.73144876325088,221.7314487632509,True,Negative FCF + CapEx
ADANIPORTS,Mar 2015,3057.0,2485.0,572.0,18.711154726856392,81.28884527314361,True,Positive FCF + CapEx
ADANIPORTS,Mar 2016,2381.0,4153.0,-1772.0,-74.422511549769,174.422511549769,True,Negative FCF + CapEx
ADANIPORTS,Mar 2017,4063.0,2629.0,1434.0,35.294117647058826,64.70588235294117,True,Positive FCF + CapEx
ADANIPORTS,Mar 2018,5608.0,3846.0,1762.0,31.419400855920117,68.58059914407988,True,Positive FCF + CapEx
ADANIPORTS,Mar 2019,6029.0,4368.0,1661.0,27.550174158235198,72.4498258417648,True,Positive FCF + CapEx
ADANIPORTS,Mar 2020,7402.0,749.0,6653.0,89.88111321264523,10.11888678735477,True,Positive FCF + CapEx
ADANIPORTS,Mar 2021,7556.0,14064.0,-6508.0,-86.13022763366861,186.1302276336686,True,Negative FCF + CapEx
ADANIPORTS,Mar 2022,10420.0,5493.0,4927.0,47.284069097888676,52.71593090211133,True,Positive FCF + CapEx
ADANIPORTS,Mar 2023,11900.0,16716.0,-4816.0,-40.470588235294116,140.47058823529412,True,Negative FCF + CapEx
ADANIPORTS,Mar 2024,15018.0,6768.0,8250.0,54.934079105073906,45.06592089492609,True,Positive FCF + CapEx
ADANIPORTS,Mar 2013,1379.0,5136.0,-3757.0,-272.4437998549674,372.4437998549674,True,Negative FCF + CapEx
ADANIPORTS,Mar 2014,1132.0,2510.0,-1378.0,-121.73144876325088,221.7314487632509,True,Negative FCF + CapEx
ADANIPORTS,Mar 2015,3057.0,2485.0,572.0,18.711154726856392,81.28884527314361,True,Positive FCF + CapEx
ADANIPORTS,Mar 2016,2381.0,4153.0,-1772.0,-74.422511549769,174.422511549769,True,Negative FCF + CapEx
ADANIPORTS,Mar 2017,4063.0,2629.0,1434.0,35.294117647058826,64.70588235294117,True,Positive FCF + CapEx
ADANIPORTS,Mar 2018,5608.0,3846.0,1762.0,31.419400855920117,68.58059914407988,True,Positive FCF + CapEx
ADANIPORTS,Mar 2019,6029.0,4368.0,1661.0,27.550174158235198,72.4498258417648,True,Positive FCF + CapEx
ADANIPORTS,Mar 2020,7402.0,749.0,6653.0,89.88111321264523,10.11888678735477,True,Positive FCF + CapEx
ADANIPORTS,Mar 2021,7556.0,14064.0,-6508.0,-86.13022763366861,186.1302276336686,True,Negative FCF + CapEx
ADANIPORTS,Mar 2022,10420.0,5493.0,4927.0,47.284069097888676,52.71593090211133,True,Positive FCF + CapEx
ADANIPORTS,Mar 2023,11900.0,16716.0,-4816.0,-40.470588235294116,140.47058823529412,True,Negative FCF + CapEx
ADANIPORTS,Mar 2024,15018.0,6768.0,8250.0,54.934079105073906,45.06592089492609,True,Positive FCF + CapEx
ADANIPOWER,Mar 2013,3001.0,4064.0,-1063.0,-35.421526157947355,135.42152615794737,True,Negative FCF + CapEx
ADANIPOWER,Mar 2014,3238.0,4700.0,-1462.0,-45.15132798023471,145.15132798023473,True,Negative FCF + CapEx
ADANIPOWER,Mar 2015,5824.0,4737.0,1087.0,18.66414835164835,81.33585164835165,True,Positive FCF + CapEx
ADANIPOWER,Mar 2016,5257.0,2692.0,2565.0,48.79208674148754,51.20791325851246,True,Positive FCF + CapEx
ADANIPOWER,Mar 2017,4725.0,1212.0,3513.0,74.34920634920636,25.650793650793652,True,Positive FCF + CapEx
ADANIPOWER,Mar 2018,5101.0,520.0,4581.0,89.80592040776318,10.194079592236816,True,Positive FCF + CapEx
ADANIPOWER,Mar 2019,5610.0,984.0,4626.0,82.45989304812834,17.54010695187166,True,Positive FCF + CapEx
ADANIPOWER,Mar 2020,5598.0,2304.0,3294.0,58.842443729903536,41.157556270096464,True,Positive FCF + CapEx
ADANIPOWER,Mar 2021,7014.0,2188.0,4826.0,68.80524664955803,31.19475335044197,True,Positive FCF + CapEx
ADANIPOWER,Mar 2022,10233.0,774.0,9459.0,92.43623570800352,7.563764291996482,True,Positive FCF + CapEx
ADANIPOWER,Mar 2023,8431.0,1545.0,6886.0,81.67477167595779,18.325228324042225,True,Positive FCF + CapEx
ADANIPOWER,Mar 2024,14170.0,3481.0,10689.0,75.43401552575865,24.565984474241358,True,Positive FCF + CapEx
AMBUJACEM,Dec 2012,1860.0,388.0,1472.0,79.13978494623656,20.86021505376344,True,Positive FCF + CapEx
AMBUJACEM,Dec 2013,1267.0,496.0,771.0,60.852407261247045,39.14759273875296,True,Positive FCF + CapEx
AMBUJACEM,Dec 2014,1675.0,456.0,1219.0,72.77611940298507,27.223880597014926,True,Positive FCF + CapEx
AMBUJACEM,Dec 2015,1557.0,83.0,1474.0,94.66923570969814,5.330764290301863,True,Positive FCF + CapEx
AMBUJACEM,Dec 2016,2810.0,4165.0,-1355.0,-48.220640569395016,148.22064056939502,True,Negative FCF + CapEx
AMBUJACEM,Dec 2017,3416.0,738.0,2678.0,78.39578454332553,21.60421545667447,True,Positive FCF + CapEx
AMBUJACEM,Dec 2018,1703.0,765.0,938.0,55.079271873165006,44.920728126834994,True,Positive FCF + CapEx
AMBUJACEM,Dec 2019,4739.0,1191.0,3548.0,74.86811563621018,25.13188436378983,True,Positive FCF + CapEx
AMBUJACEM,Dec 2020,4832.0,1317.0,3515.0,72.74420529801324,27.25579470198676,True,Positive FCF + CapEx
AMBUJACEM,Dec 2021,5309.0,2007.0,3302.0,62.19627048408363,37.803729515916366,True,Positive FCF + CapEx
AMBUJACEM,Mar 2024,5646.0,8941.0,-3295.0,-58.3599008147361,158.3599008147361,True,Negative FCF + CapEx
APOLLOHOSP,Mar 2013,443.0,733.0,-290.0,-65.46275395033861,165.4627539503386,True,Negative FCF + CapEx
APOLLOHOSP,Mar 2014,373.0,356.0,17.0,4.557640750670242,95.44235924932975,True,Positive FCF + CapEx
APOLLOHOSP,Mar 2015,470.0,759.0,-289.0,-61.48936170212767,161.48936170212767,True,Negative FCF + CapEx
APOLLOHOSP,Mar 2016,597.0,888.0,-291.0,-48.743718592964825,148.74371859296483,True,Negative FCF + CapEx
APOLLOHOSP,Mar 2017,623.0,1152.0,-529.0,-84.91171749598716,184.91171749598715,True,Negative FCF + CapEx
APOLLOHOSP,Mar 2018,537.0,405.0,132.0,24.581005586592177,75.41899441340783,True,Positive FCF + CapEx
APOLLOHOSP,Mar 2019,905.0,711.0,194.0,21.43646408839779,78.56353591160222,True,Positive FCF + CapEx
APOLLOHOSP,Mar 2020,1293.0,289.0,1004.0,77.64887857695282,22.351121423047175,True,Positive FCF + CapEx
APOLLOHOSP,Mar 2021,1265.0,880.0,385.0,30.434782608695656,69.56521739130434,True,Positive FCF + CapEx
APOLLOHOSP,Mar 2022,1696.0,747.0,949.0,55.95518867924528,44.04481132075472,True,Positive FCF + CapEx
APOLLOHOSP,Mar 2023,1377.0,857.0,520.0,37.76325344952796,62.23674655047204,True,Positive FCF + CapEx
APOLLOHOSP,Mar 2024,1920.0,1537.0,383.0,19.947916666666668,80.05208333333333,True,Positive FCF + CapEx
ASIANPAINT,Mar 2013,1187.0,463.0,724.0,60.99410278011794,39.00589721988206,True,Positive FCF + CapEx
ASIANPAINT,Mar 2013,1187.0,463.0,724.0,60.99410278011794,39.00589721988206,True,Positive FCF + CapEx
ASIANPAINT,Mar 2014,1402.0,586.0,816.0,58.20256776034237,41.79743223965763,True,Positive FCF + CapEx
ASIANPAINT,Mar 2014,1402.0,586.0,816.0,58.20256776034237,41.79743223965763,True,Positive FCF + CapEx
ASIANPAINT,Mar 2015,1188.0,465.0,723.0,60.858585858585855,39.141414141414145,True,Positive FCF + CapEx
ASIANPAINT,Mar 2015,1188.0,465.0,723.0,60.858585858585855,39.141414141414145,True,Positive FCF + CapEx
ASIANPAINT,Mar 2016,2243.0,866.0,1377.0,61.39099420419082,38.60900579580918,True,Positive FCF + CapEx
ASIANPAINT,Mar 2016,2243.0,866.0,1377.0,61.39099420419082,38.60900579580918,True,Positive FCF + CapEx
ASIANPAINT,Mar 2017,1527.0,681.0,846.0,55.40275049115914,44.59724950884086,True,Positive FCF + CapEx
ASIANPAINT,Mar 2017,1527.0,681.0,846.0,55.40275049115914,44.59724950884086,True,Positive FCF + CapEx
ASIANPAINT,Mar 2018,2113.0,1556.0,557.0,26.36062470421202,73.63937529578799,True,Positive FCF + CapEx
ASIANPAINT,Mar 2018,2113.0,1556.0,557.0,26.36062470421202,73.63937529578799,True,Positive FCF + CapEx
ASIANPAINT,Mar 2019,2470.0,918.0,1552.0,62.83400809716599,37.16599190283401,True,Positive FCF + CapEx
ASIANPAINT,Mar 2019,2470.0,918.0,1552.0,62.83400809716599,37.16599190283401,True,Positive FCF + CapEx
ASIANPAINT,Mar 2020,3038.0,518.0,2520.0,82.94930875576037,17.050691244239633,True,Positive FCF + CapEx
ASIANPAINT,Mar 2020,3038.0,518.0,2520.0,82.94930875576037,17.050691244239633,True,Positive FCF + CapEx
ASIANPAINT,Mar 2021,3683.0,541.0,3142.0,85.31088786315505,14.689112136844965,True,Positive FCF + CapEx
ASIANPAINT,Mar 2021,3683.0,541.0,3142.0,85.31088786315505,14.689112136844965,True,Positive FCF + CapEx
ASIANPAINT,Mar 2022,986.0,317.0,669.0,67.8498985801217,32.1501014198783,True,Positive FCF + CapEx
ASIANPAINT,Mar 2022,986.0,317.0,669.0,67.8498985801217,32.1501014198783,True,Positive FCF + CapEx
ASIANPAINT,Mar 2023,4193.0,1282.0,2911.0,69.42523253040783,30.574767469592178,True,Positive FCF + CapEx
ASIANPAINT,Mar 2023,4193.0,1282.0,2911.0,69.42523253040783,30.574767469592178,True,Positive FCF + CapEx
ASIANPAINT,Mar 2024,6104.0,2548.0,3556.0,58.256880733944946,41.74311926605505,True,Positive FCF + CapEx
ASIANPAINT,Mar 2024,6104.0,2548.0,3556.0,58.256880733944946,41.74311926605505,True,Positive FCF + CapEx
BAJAJ-AUTO,Mar 2013,2218.0,1394.0,824.0,37.150586113615866,62.849413886384134,True,Positive FCF + CapEx
BAJAJ-AUTO,Mar 2013,2218.0,1394.0,824.0,37.150586113615866,62.849413886384134,True,Positive FCF + CapEx
BAJAJ-AUTO,Mar 2014,3502.0,2072.0,1430.0,40.83380925185608,59.16619074814392,True,Positive FCF + CapEx
BAJAJ-AUTO,Mar 2014,3502.0,2072.0,1430.0,40.83380925185608,59.16619074814392,True,Positive FCF + CapEx
BAJAJ-AUTO,Mar 2015,2114.0,380.0,1734.0,82.02459791863765,17.975402081362347,True,Positive FCF + CapEx
BAJAJ-AUTO,Mar 2015,2114.0,380.0,1734.0,82.02459791863765,17.975402081362347,True,Positive FCF + CapEx
BAJAJ-AUTO,Mar 2016,3690.0,68.0,3622.0,98.15718157181573,1.842818428184282,True,Positive FCF + CapEx
BAJAJ-AUTO,Mar 2016,3690.0,68.0,3622.0,98.15718157181573,1.842818428184282,True,Positive FCF + CapEx
BAJAJ-AUTO,Mar 2017,3267.0,3610.0,-343.0,-10.498928680746863,110.49892868074687,True,Negative FCF + CapEx
BAJAJ-AUTO,Mar 2017,3267.0,3610.0,-343.0,-10.498928680746863,110.49892868074687,True,Negative FCF + CapEx
BAJAJ-AUTO,Mar 2018,4328.0,1954.0,2374.0,54.852125693160815,45.147874306839185,True,Positive FCF + CapEx
BAJAJ-AUTO,Mar 2018,4328.0,1954.0,2374.0,54.852125693160815,45.147874306839185,True,Positive FCF + CapEx
BAJAJ-AUTO,Mar 2019,2487.0,273.0,2214.0,89.02291917973461,10.97708082026538,True,Positive FCF + CapEx
BAJAJ-AUTO,Mar 2019,2487.0,273.0,2214.0,89.02291917973461,10.97708082026538,True,Positive FCF + CapEx
BAJAJ-AUTO,Mar 2020,3850.0,1766.0,2084.0,54.12987012987013,45.87012987012987,True,Positive FCF + CapEx
BAJAJ-AUTO,Mar 2020,3850.0,1766.0,2084.0,54.12987012987013,45.87012987012987,True,Positive FCF + CapEx
BAJAJ-AUTO,Mar 2021,3120.0,2869.0,251.0,8.044871794871796,91.9551282051282,True,Positive FCF + CapEx
BAJAJ-AUTO,Mar 2021,3120.0,2869.0,251.0,8.044871794871796,91.9551282051282,True,Positive FCF + CapEx
BAJAJ-AUTO,Mar 2022,4197.0,276.0,3921.0,93.42387419585418,6.576125804145819,True,Positive FCF + CapEx
BAJAJ-AUTO,Mar 2022,4197.0,276.0,3921.0,93.42387419585418,6.576125804145819,True,Positive FCF + CapEx
BAJAJ-AUTO,Mar 2023,5277.0,1211.0,4066.0,77.05135493651696,22.94864506348304,True,Positive FCF + CapEx
BAJAJ-AUTO,Mar 2023,5277.0,1211.0,4066.0,77.05135493651696,22.94864506348304,True,Positive FCF + CapEx
BAJAJ-AUTO,Mar 2024,6558.0,72.0,6486.0,98.90210430009148,1.0978956999085088,True,Positive FCF + CapEx
BAJAJ-AUTO,Mar 2024,6558.0,72.0,6486.0,98.90210430009148,1.0978956999085088,True,Positive FCF + CapEx
AXISBANK,Mar 2013,2573.0,10939.0,-8366.0,-325.14574426739216,425.14574426739216,True,Negative FCF + CapEx
AXISBANK,Mar 2014,14464.0,14166.0,298.0,2.060287610619469,97.93971238938053,True,Positive FCF + CapEx
AXISBANK,Mar 2015,-15162.0,7972.0,-23134.0,152.5788154597019,-52.578815459701886,True,Negative FCF + CapEx
AXISBANK,Mar 2016,-34495.0,9211.0,-43706.0,126.70242064067256,-26.702420640672564,True,Negative FCF + CapEx
AXISBANK,Mar 2017,32209.0,12458.0,19751.0,61.32136980347108,38.67863019652892,True,Positive FCF + CapEx
AXISBANK,Mar 2018,-38390.0,10007.0,-48397.0,126.06668403230007,-26.06668403230008,True,Negative FCF + CapEx
AXISBANK,Mar 2019,37125.0,18674.0,18451.0,49.6996632996633,50.3003367003367,True,Positive FCF + CapEx
AXISBANK,Mar 2020,30416.0,9485.0,20931.0,68.81575486586007,31.184245134139925,True,Positive FCF + CapEx
AXISBANK,Mar 2021,12633.0,54288.0,-41655.0,-329.73165518879125,429.73165518879125,True,Negative FCF + CapEx
AXISBANK,Mar 2022,28137.0,27112.0,1025.0,3.6428901446493938,96.35710985535061,True,Positive FCF + CapEx
AXISBANK,Mar 2023,22075.0,32351.0,-10276.0,-46.550396375990935,146.55039637599094,True,Negative FCF + CapEx
AXISBANK,Mar 2024,-5555.0,9001.0,-14556.0,262.03420342034207,-162.03420342034204,True,Negative FCF + CapEx
BAJAJFINSV,Mar 2013,-6922.0,2953.0,-9875.0,142.66108061253973,-42.66108061253973,True,Negative FCF + CapEx
BAJAJFINSV,Mar 2014,-9807.0,3764.0,-13571.0,138.38074844498826,-38.38074844498827,True,Negative FCF + CapEx
BAJAJFINSV,Mar 2015,-10731.0,3709.0,-14440.0,134.56341440685864,-34.563414406858634,True,Negative FCF + CapEx
BAJAJFINSV,Mar 2016,-9795.0,886.0,-10681.0,109.0454313425217,-9.045431342521695,True,Negative FCF + CapEx
BAJAJFINSV,Mar 2017,-10922.0,151.0,-11073.0,101.38253067203809,-1.3825306720380883,True,Negative FCF + CapEx
BAJAJFINSV,Mar 2018,-19580.0,922.0,-20502.0,104.70888661899897,-4.708886618998979,True,Negative FCF + CapEx
BAJAJFINSV,Mar 2019,-27076.0,6903.0,-33979.0,125.49490323533756,-25.494903235337567,True,Negative FCF + CapEx
BAJAJFINSV,Mar 2020,-23369.0,9948.0,-33317.0,142.56921562754076,-42.56921562754076,True,Negative FCF + CapEx
BAJAJFINSV,Mar 2021,4547.0,3684.0,863.0,18.979546954035627,81.02045304596437,True,Positive FCF + CapEx
BAJAJFINSV,Mar 2022,-33670.0,1445.0,-35115.0,104.2916542916543,-4.291654291654292,True,Negative FCF + CapEx
BAJAJFINSV,Mar 2023,-39480.0,13945.0,-53425.0,135.32168186423505,-35.32168186423505,True,Negative FCF + CapEx
BAJAJFINSV,Mar 2024,-68674.0,10960.0,-79634.0,115.95946064012581,-15.959460640125812,True,Negative FCF + CapEx
BAJAJHLDNG,Mar 2013,473.0,369.0,104.0,21.987315010570825,78.01268498942918,True,Positive FCF + CapEx
BAJAJHLDNG,Mar 2014,872.0,519.0,353.0,40.481651376146786,59.518348623853214,True,Positive FCF + CapEx
BAJAJHLDNG,Mar 2015,796.0,464.0,332.0,41.70854271356784,58.291457286432156,True,Positive FCF + CapEx
BAJAJHLDNG,Mar 2016,1147.0,1019.0,128.0,11.159546643417611,88.8404533565824,True,Positive FCF + CapEx
BAJAJHLDNG,Mar 2017,-923.0,372.0,-1295.0,140.30335861321777,-40.30335861321777,True,Negative FCF + CapEx
BAJAJHLDNG,Mar 2018,1631.0,1123.0,508.0,31.146535867565913,68.8534641324341,True,Positive FCF + CapEx
BAJAJHLDNG,Mar 2019,628.0,163.0,465.0,74.04458598726114,25.955414012738853,True,Positive FCF + CapEx
BAJAJHLDNG,Mar 2020,1920.0,800.0,1120.0,58.333333333333336,41.66666666666667,True,Positive FCF + CapEx
BAJAJHLDNG,Mar 2021,272.0,308.0,-36.0,-13.23529411764706,113.23529411764706,True,Negative FCF + CapEx
BAJAJHLDNG,Mar 2022,1610.0,151.0,1459.0,90.62111801242236,9.378881987577639,True,Positive FCF + CapEx
BAJAJHLDNG,Mar 2023,1728.0,137.0,1591.0,92.07175925925925,7.928240740740741,True,Positive FCF + CapEx
BAJAJHLDNG,Mar 2024,1941.0,472.0,1469.0,75.68263781555899,24.31736218444101,True,Positive FCF + CapEx
BAJFINANCE,Mar 2015,-7064.0,360.0,-7424.0,105.09626274065684,-5.096262740656852,True,Negative FCF + CapEx
BAJFINANCE,Mar 2016,-9870.0,687.0,-10557.0,106.96048632218844,-6.96048632218845,True,Negative FCF + CapEx
BAJFINANCE,Mar 2017,-10439.0,3047.0,-13486.0,129.18861959957852,-29.1886195995785,True,Negative FCF + CapEx
BAJFINANCE,Mar 2018,-20566.0,1075.0,-21641.0,105.2270738111446,-5.227073811144608,True,Negative FCF + CapEx
BAJFINANCE,Mar 2019,-29062.0,5379.0,-34441.0,118.50870552611659,-18.50870552611658,True,Negative FCF + CapEx
BAJFINANCE,Mar 2020,-24412.0,8758.0,-33170.0,135.87579878748159,-35.875798787481564,True,Negative FCF + CapEx
BAJFINANCE,Mar 2021,-807.0,429.0,-1236.0,153.15985130111525,-53.159851301115246,True,Negative FCF + CapEx
BAJFINANCE,Mar 2022,-37090.0,6347.0,-43437.0,117.11242922620653,-17.112429226206523,True,Negative FCF + CapEx
BAJFINANCE,Mar 2023,-42112.0,10394.0,-52506.0,124.6818009118541,-24.681800911854104,True,Negative FCF + CapEx
BAJFINANCE,Mar 2024,-72760.0,7171.0,-79931.0,109.85568993952721,-9.855689939527213,True,Negative FCF + CapEx
BANKBARODA,Mar 2013,23196.0,514.0,22682.0,97.78410070701845,2.215899292981548,True,Positive FCF + CapEx
BANKBARODA,Mar 2014,42233.0,730.0,41503.0,98.27149385551583,1.7285061444841714,True,Positive FCF + CapEx
BANKBARODA,Mar 2015,17838.0,556.0,17282.0,96.88305863886086,3.1169413611391414,True,Positive FCF + CapEx
BANKBARODA,Mar 2016,-10011.0,4005.0,-14016.0,140.00599340725202,-40.00599340725202,True,Negative FCF + CapEx
BANKBARODA,Mar 2017,17865.0,551.0,17314.0,96.91575706689058,3.084242933109432,True,Positive FCF + CapEx
BANKBARODA,Mar 2018,-59692.0,414.0,-60106.0,100.6935602760839,-0.6935602760838974,True,Negative FCF + CapEx
BANKBARODA,Mar 2019,-1449.0,2537.0,-3986.0,275.08626639061424,-175.0862663906142,True,Negative FCF + CapEx
BANKBARODA,Mar 2020,18531.0,139.0,18392.0,99.2499055636501,0.7500944363499001,True,Positive FCF + CapEx
BANKBARODA,Mar 2021,-887.0,471.0,-1358.0,153.10033821871477,-53.10033821871477,True,Negative FCF + CapEx
BANKBARODA,Mar 2022,6210.0,3645.0,2565.0,41.30434782608695,58.69565217391305,True,Positive FCF + CapEx
BANKBARODA,Mar 2023,-21354.0,1096.0,-22450.0,105.13252786363209,-5.132527863632107,True,Negative FCF + CapEx
BANKBARODA,Mar 2024,-6274.0,1285.0,-7559.0,120.4813516098183,-20.481351609818297,True,Negative FCF + CapEx
BHARTIARTL,Mar 2013,22608.0,18676.0,3932.0,17.392073602264684,82.60792639773531,True,Positive FCF + CapEx
BHARTIARTL,Mar 2014,26233.0,25181.0,1052.0,4.010216139976365,95.98978386002364,True,Positive FCF + CapEx
BHARTIARTL,Mar 2015,28059.0,22301.0,5758.0,20.52104494101714,79.47895505898286,True,Positive FCF + CapEx
BHARTIARTL,Mar 2016,27942.0,14091.0,13851.0,49.57053897358815,50.42946102641185,True,Positive FCF + CapEx
BHARTIARTL,Mar 2017,28280.0,30680.0,-2400.0,-8.486562942008486,108.48656294200849,True,Negative FCF + CapEx
BHARTIARTL,Mar 2018,29854.0,27940.0,1914.0,6.411201179071481,93.58879882092852,True,Positive FCF + CapEx
BHARTIARTL,Mar 2019,20070.0,28286.0,-8216.0,-40.936721474838066,140.93672147483807,True,Negative FCF + CapEx
BHARTIARTL,Mar 2020,18129.0,29598.0,-11469.0,-63.26327982790006,163.26327982790005,True,Negative FCF + CapEx
BHARTIARTL,Mar 2021,48205.0,27286.0,20919.0,43.395913287003424,56.60408671299658,True,Positive FCF + CapEx
BHARTIARTL,Mar 2022,55017.0,41478.0,13539.0,24.608757293200284,75.39124270679972,True,Positive FCF + CapEx
BHARTIARTL,Mar 2023,65325.0,39232.0,26093.0,39.9433601224646,60.0566398775354,True,Positive FCF + CapEx
BHARTIARTL,Mar 2024,78898.0,51089.0,27809.0,35.24677431620574,64.75322568379427,True,Positive FCF + CapEx
BEL,Mar 2013,-1539.0,1753.0,-3292.0,213.90513320337882,-113.90513320337882,True,Negative FCF + CapEx
BEL,Mar 2014,-569.0,759.0,-1328.0,233.3919156414763,-133.3919156414763,True,Negative FCF + CapEx
BEL,Mar 2015,1434.0,839.0,595.0,41.492329149232916,58.50767085076709,True,Positive FCF + CapEx
BEL,Mar 2016,2260.0,1470.0,790.0,34.95575221238938,65.04424778761062,True,Positive FCF + CapEx
BEL,Mar 2017,-61.0,3115.0,-3176.0,5206.55737704918,-5106.55737704918,True,Negative FCF + CapEx
BEL,Mar 2018,-687.0,6.0,-693.0,100.87336244541486,-0.8733624454148471,True,Negative FCF + CapEx
BEL,Mar 2019,1514.0,896.0,618.0,40.81902245706737,59.18097754293263,True,Positive FCF + CapEx
BEL,Mar 2020,2570.0,649.0,1921.0,74.74708171206225,25.252918287937742,True,Positive FCF + CapEx
BEL,Mar 2021,5093.0,2595.0,2498.0,49.04771254663263,50.95228745336736,True,Positive FCF + CapEx
BEL,Mar 2022,4207.0,4872.0,-665.0,-15.806988352745424,115.80698835274544,True,Negative FCF + CapEx
BEL,Mar 2023,1199.0,2708.0,-1509.0,-125.85487906588824,225.85487906588827,True,Negative FCF + CapEx
BEL,Mar 2024,4659.0,5924.0,-1265.0,-27.151749302425415,127.15174930242542,True,Negative FCF + CapEx
BHEL,Mar 2013,1759.0,1113.0,646.0,36.725412166003416,63.274587833996584,True,Positive FCF + CapEx
BHEL,Mar 2014,4512.0,868.0,3644.0,80.76241134751773,19.23758865248227,True,Positive FCF + CapEx
BHEL,Mar 2015,821.0,650.0,171.0,20.828258221680876,79.17174177831913,True,Positive FCF + CapEx
BHEL,Mar 2016,374.0,23.0,351.0,93.85026737967914,6.149732620320856,True,Positive FCF + CapEx
BHEL,Mar 2017,560.0,565.0,-5.0,-0.8928571428571428,100.89285714285714,True,Negative FCF + CapEx
BHEL,Mar 2018,989.0,961.0,28.0,2.8311425682507583,97.16885743174925,True,Positive FCF + CapEx
BHEL,Mar 2019,-3860.0,1919.0,-5779.0,149.71502590673575,-49.71502590673575,True,Negative FCF + CapEx
BHEL,Mar 2020,-2892.0,1877.0,-4769.0,164.90318118948824,-64.90318118948825,True,Negative FCF + CapEx
BHEL,Mar 2021,560.0,42.0,518.0,92.5,7.5,True,Positive FCF + CapEx
BHEL,Mar 2022,660.0,1118.0,-458.0,-69.39393939393939,169.39393939393938,True,Negative FCF + CapEx
BHEL,Mar 2023,-741.0,1480.0,-2221.0,299.7300944669366,-199.73009446693658,True,Negative FCF + CapEx
BHEL,Mar 2024,-3713.0,1331.0,-5044.0,135.84702396983573,-35.84702396983571,True,Negative FCF + CapEx
BOSCHLTD,Dec 2012,871.0,824.0,47.0,5.39609644087256,94.60390355912745,True,Positive FCF + CapEx
BOSCHLTD,Dec 2013,1057.0,846.0,211.0,19.96215704824976,80.03784295175024,True,Positive FCF + CapEx
BOSCHLTD,Mar 2015,1396.0,1183.0,213.0,15.257879656160458,84.74212034383955,True,Positive FCF + CapEx
BOSCHLTD,Mar 2016,1318.0,995.0,323.0,24.506828528072838,75.49317147192717,True,Positive FCF + CapEx
BOSCHLTD,Mar 2017,1457.0,1246.0,211.0,14.481811942347289,85.51818805765271,True,Positive FCF + CapEx
BOSCHLTD,Mar 2018,1729.0,1170.0,559.0,32.33082706766917,67.66917293233082,True,Positive FCF + CapEx
BOSCHLTD,Mar 2019,593.0,1766.0,-1173.0,-197.8077571669477,297.80775716694774,True,Negative FCF + CapEx
BOSCHLTD,Mar 2020,1336.0,873.0,463.0,34.6556886227545,65.34431137724552,True,Positive FCF + CapEx
BOSCHLTD,Mar 2021,835.0,463.0,372.0,44.550898203592816,55.449101796407184,True,Positive FCF + CapEx
BOSCHLTD,Mar 2022,271.0,33.0,238.0,87.82287822878229,12.177121771217712,True,Positive FCF + CapEx
BOSCHLTD,Mar 2023,1214.0,262.0,952.0,78.41845140032949,21.581548599670512,True,Positive FCF + CapEx
BOSCHLTD,Mar 2024,1253.0,283.0,970.0,77.41420590582602,22.585794094173984,True,Positive FCF + CapEx
BPCL,Mar 2013,5926.0,3604.0,2322.0,39.183260209247386,60.816739790752614,True,Positive FCF + CapEx
BPCL,Mar 2014,9588.0,6881.0,2707.0,28.233208176887775,71.76679182311221,True,Positive FCF + CapEx
BPCL,Mar 2015,20742.0,10536.0,10206.0,49.20451258316459,50.79548741683541,True,Positive FCF + CapEx
BPCL,Mar 2016,11119.0,9233.0,1886.0,16.96195701052253,83.03804298947746,True,Positive FCF + CapEx
BPCL,Mar 2017,9041.0,15274.0,-6233.0,-68.94148877336578,168.9414887733658,True,Negative FCF + CapEx
BPCL,Mar 2018,11068.0,7066.0,4002.0,36.15829418142392,63.84170581857608,True,Positive FCF + CapEx
BPCL,Mar 2019,10157.0,10451.0,-294.0,-2.894555478980014,102.89455547898001,True,Negative FCF + CapEx
BPCL,Mar 2020,7881.0,11135.0,-3254.0,-41.28917650044411,141.2891765004441,True,Negative FCF + CapEx
BPCL,Mar 2021,23455.0,2474.0,20981.0,89.45214240034109,10.547857599658922,True,Positive FCF + CapEx
BPCL,Mar 2022,20336.0,8138.0,12198.0,59.9822974036192,40.01770259638081,True,Positive FCF + CapEx
BPCL,Mar 2023,12466.0,7806.0,4660.0,37.381678164607735,62.618321835392265,True,Positive FCF + CapEx
BPCL,Mar 2024,35936.0,10521.0,25415.0,70.7229519145147,29.27704808548531,True,Positive FCF + CapEx
BRITANNIA,Mar 2013,320.0,28.0,292.0,91.25,8.75,True,Positive FCF + CapEx
BRITANNIA,Mar 2014,671.0,246.0,425.0,63.33830104321908,36.661698956780924,True,Positive FCF + CapEx
BRITANNIA,Mar 2015,584.0,450.0,134.0,22.945205479452056,77.05479452054794,True,Positive FCF + CapEx
BRITANNIA,Mar 2016,959.0,705.0,254.0,26.485922836287802,73.5140771637122,True,Positive FCF + CapEx
BRITANNIA,Mar 2017,441.0,150.0,291.0,65.98639455782312,34.01360544217687,True,Positive FCF + CapEx
BRITANNIA,Mar 2018,1249.0,957.0,292.0,23.378702962369896,76.62129703763011,True,Positive FCF + CapEx
BRITANNIA,Mar 2019,1156.0,852.0,304.0,26.297577854671278,73.70242214532871,True,Positive FCF + CapEx
BRITANNIA,Mar 2020,1485.0,1526.0,-41.0,-2.760942760942761,102.76094276094277,True,Negative FCF + CapEx
BRITANNIA,Mar 2021,1876.0,433.0,1443.0,76.91897654584223,23.08102345415778,True,Positive FCF + CapEx
BRITANNIA,Mar 2022,1300.0,914.0,386.0,29.69230769230769,70.3076923076923,True,Positive FCF + CapEx
BRITANNIA,Mar 2023,2526.0,1507.0,1019.0,40.340459224069676,59.65954077593032,True,Positive FCF + CapEx
BRITANNIA,Mar 2024,2573.0,477.0,2096.0,81.46132918771862,18.53867081228138,True,Positive FCF + CapEx
CANBK,Mar 2013,8010.0,435.0,7575.0,94.5692883895131,5.430711610486892,True,Positive FCF + CapEx
CANBK,Mar 2014,14244.0,380.0,13864.0,97.3322100533558,2.667789946644201,True,Positive FCF + CapEx
CANBK,Mar 2015,6344.0,1104.0,5240.0,82.59773013871374,17.402269861286253,True,Positive FCF + CapEx
CANBK,Mar 2016,9346.0,443.0,8903.0,95.26000427990584,4.739995720094158,True,Positive FCF + CapEx
CANBK,Mar 2017,2575.0,476.0,2099.0,81.51456310679612,18.485436893203882,True,Positive FCF + CapEx
CANBK,Mar 2018,-11120.0,487.0,-11607.0,104.37949640287769,-4.379496402877698,True,Negative FCF + CapEx
CANBK,Mar 2019,18237.0,745.0,17492.0,95.91489828370894,4.085101716291057,True,Positive FCF + CapEx
CANBK,Mar 2020,-5289.0,445.0,-5734.0,108.41368878805066,-8.413688788050672,True,Negative FCF + CapEx
CANBK,Mar 2021,59118.0,1116.0,58002.0,98.11225007611894,1.8877499238810516,True,Positive FCF + CapEx
CANBK,Mar 2022,919.0,1429.0,-510.0,-55.49510337323177,155.49510337323179,True,Negative FCF + CapEx
CANBK,Mar 2023,-39978.0,1156.0,-41134.0,102.8915903747061,-2.8915903747060887,True,Negative FCF + CapEx
CANBK,Mar 2024,15046.0,1750.0,13296.0,88.36900172803402,11.630998271965971,True,Positive FCF + CapEx
CHOLAFIN,Mar 2013,-3754.0,5.0,-3759.0,100.13319126265317,-0.13319126265316997,True,Negative FCF + CapEx
CHOLAFIN,Mar 2014,-2447.0,83.0,-2530.0,103.39190845933797,-3.3919084593379645,True,Negative FCF + CapEx
CHOLAFIN,Mar 2015,-2264.0,40.0,-2304.0,101.7667844522968,-1.76678445229682,True,Negative FCF + CapEx
CHOLAFIN,Mar 2016,-2809.0,137.0,-2946.0,104.87718049127804,-4.877180491278034,True,Negative FCF + CapEx
CHOLAFIN,Mar 2017,-1468.0,222.0,-1690.0,115.12261580381471,-15.122615803814716,True,Negative FCF + CapEx
CHOLAFIN,Mar 2018,-7926.0,60.0,-7986.0,100.75700227100681,-0.757002271006813,True,Negative FCF + CapEx
CHOLAFIN,Mar 2019,-9317.0,11.0,-9328.0,100.1180637544274,-0.11806375442739078,True,Negative FCF + CapEx
CHOLAFIN,Mar 2020,-2075.0,54.0,-2129.0,102.60240963855422,-2.602409638554217,True,Negative FCF + CapEx
CHOLAFIN,Mar 2021,-8848.0,1746.0,-10594.0,119.73327305605788,-19.733273056057865,True,Negative FCF + CapEx
CHOLAFIN,Mar 2022,-5571.0,1640.0,-7211.0,129.4381619098905,-29.438161909890503,True,Negative FCF + CapEx
CHOLAFIN,Mar 2023,-27105.0,2148.0,-29253.0,107.92473713337023,-7.924737133370227,True,Negative FCF + CapEx
CHOLAFIN,Mar 2024,-35683.0,2855.0,-38538.0,108.00100888378219,-8.001008883782193,True,Negative FCF + CapEx
CIPLA,Mar 2013,1398.0,2063.0,-665.0,-47.56795422031473,147.56795422031473,True,Negative FCF + CapEx
CIPLA,Mar 2014,1563.0,1265.0,298.0,19.065898912348047,80.93410108765195,True,Positive FCF + CapEx
CIPLA,Mar 2015,1173.0,950.0,223.0,19.01108269394714,80.98891730605285,True,Positive FCF + CapEx
CIPLA,Mar 2016,1741.0,4533.0,-2792.0,-160.36760482481333,260.3676048248133,True,Negative FCF + CapEx
CIPLA,Mar 2017,2382.0,1304.0,1078.0,45.256087321578505,54.743912678421495,True,Positive FCF + CapEx
CIPLA,Mar 2018,1463.0,834.0,629.0,42.99384825700615,57.00615174299385,True,Positive FCF + CapEx
CIPLA,Mar 2019,1691.0,1688.0,3.0,0.17740981667652278,99.82259018332348,True,Positive FCF + CapEx
CIPLA,Mar 2020,3068.0,114.0,2954.0,96.28422425032595,3.715775749674054,True,Positive FCF + CapEx
CIPLA,Mar 2021,3755.0,2374.0,1381.0,36.77762982689747,63.222370173102526,True,Positive FCF + CapEx
CIPLA,Mar 2022,3326.0,1858.0,1468.0,44.13710162357186,55.86289837642814,True,Positive FCF + CapEx
CIPLA,Mar 2023,3238.0,2376.0,862.0,26.621371216800494,73.3786287831995,True,Positive FCF + CapEx
CIPLA,Mar 2024,4134.0,2982.0,1152.0,27.866473149492016,72.13352685050798,True,Positive FCF + CapEx
COALINDIA,Mar 2013,9109.0,1833.0,7276.0,79.87704468108464,20.12295531891536,True,Positive FCF + CapEx
COALINDIA,Mar 2014,14525.0,8580.0,5945.0,40.929432013769365,59.070567986230635,True,Positive FCF + CapEx
COALINDIA,Mar 2015,14382.0,894.0,13488.0,93.78389653733834,6.2161034626616605,True,Positive FCF + CapEx
COALINDIA,Mar 2016,13154.0,8154.0,5000.0,38.0112513303938,61.98874866960621,True,Positive FCF + CapEx
COALINDIA,Mar 2017,16461.0,455.0,16006.0,97.23589089362736,2.7641091063726386,True,Positive FCF + CapEx
COALINDIA,Mar 2018,21115.0,7747.0,13368.0,63.31044281316599,36.689557186834,True,Positive FCF + CapEx
COALINDIA,Mar 2019,16356.0,7896.0,8460.0,51.724137931034484,48.275862068965516,True,Positive FCF + CapEx
COALINDIA,Mar 2020,4977.0,1033.0,3944.0,79.24452481414507,20.755475185854934,True,Positive FCF + CapEx
COALINDIA,Mar 2021,10592.0,182.0,10410.0,98.28172205438067,1.7182779456193353,True,Positive FCF + CapEx
COALINDIA,Mar 2022,41107.0,25715.0,15392.0,37.44374437443744,62.55625562556255,True,Positive FCF + CapEx
COALINDIA,Mar 2023,35734.0,23465.0,12269.0,34.33424749538255,65.66575250461744,True,Positive FCF + CapEx
COALINDIA,Mar 2024,18103.0,4486.0,13617.0,75.21957686571287,24.780423134287137,True,Positive FCF + CapEx
DABUR,Mar 2013,870.0,622.0,248.0,28.50574712643678,71.49425287356321,True,Positive FCF + CapEx
DABUR,Mar 2014,1098.0,104.0,994.0,90.52823315118397,9.47176684881603,True,Positive FCF + CapEx
DABUR,Mar 2015,1047.0,876.0,171.0,16.332378223495702,83.66762177650429,True,Positive FCF + CapEx
DABUR,Mar 2016,1187.0,730.0,457.0,38.500421229991574,61.499578770008426,True,Positive FCF + CapEx
DABUR,Mar 2017,1227.0,807.0,420.0,34.229828850855746,65.77017114914425,True,Positive FCF + CapEx
DABUR,Mar 2018,1092.0,541.0,551.0,50.45787545787546,49.54212454212454,True,Positive FCF + CapEx
DABUR,Mar 2019,1499.0,338.0,1161.0,77.45163442294863,22.548365577051367,True,Positive FCF + CapEx
DABUR,Mar 2020,1614.0,517.0,1097.0,67.96778190830236,32.032218091697644,True,Positive FCF + CapEx
DABUR,Mar 2021,2115.0,1404.0,711.0,33.61702127659574,66.38297872340425,True,Positive FCF + CapEx
DABUR,Mar 2022,1802.0,1273.0,529.0,29.356270810210876,70.64372918978913,True,Positive FCF + CapEx
DABUR,Mar 2023,1488.0,583.0,905.0,60.81989247311827,39.18010752688172,True,Positive FCF + CapEx
DABUR,Mar 2024,2013.0,971.0,1042.0,51.76353700943865,48.23646299056135,True,Positive FCF + CapEx
DIVISLAB,Mar 2013,480.0,255.0,225.0,46.875,53.125,True,Positive FCF + CapEx
DIVISLAB,Mar 2014,557.0,305.0,252.0,45.24236983842011,54.7576301615799,True,Positive FCF + CapEx
DIVISLAB,Mar 2015,826.0,521.0,305.0,36.92493946731235,63.07506053268766,True,Positive FCF + CapEx
DIVISLAB,Mar 2016,1038.0,406.0,632.0,60.886319845857415,39.113680154142585,True,Positive FCF + CapEx
DIVISLAB,Mar 2017,1150.0,1140.0,10.0,0.8695652173913043,99.1304347826087,True,Positive FCF + CapEx
DIVISLAB,Mar 2018,776.0,478.0,298.0,38.402061855670105,61.5979381443299,True,Positive FCF + CapEx
DIVISLAB,Mar 2019,954.0,685.0,269.0,28.197064989517816,71.80293501048219,True,Positive FCF + CapEx
DIVISLAB,Mar 2020,1216.0,83.0,1133.0,93.17434210526315,6.825657894736842,True,Positive FCF + CapEx
DIVISLAB,Mar 2021,1947.0,75.0,1872.0,96.14791987673344,3.8520801232665636,True,Positive FCF + CapEx
DIVISLAB,Mar 2022,1912.0,2195.0,-283.0,-14.801255230125523,114.80125523012552,True,Negative FCF + CapEx
DIVISLAB,Mar 2023,2459.0,2707.0,-248.0,-10.085400569337128,110.08540056933714,True,Negative FCF + CapEx
DIVISLAB,Mar 2024,1261.0,269.0,992.0,78.66772402854878,21.332275971451228,True,Positive FCF + CapEx
DLF,Mar 2013,2009.0,1995.0,14.0,0.6968641114982579,99.30313588850174,True,Positive FCF + CapEx
DLF,Mar 2014,1468.0,3924.0,-2456.0,-167.3024523160763,267.3024523160763,True,Negative FCF + CapEx
DLF,Mar 2015,2037.0,98.0,1939.0,95.1890034364261,4.810996563573884,True,Positive FCF + CapEx
DLF,Mar 2016,2957.0,818.0,2139.0,72.33682786608048,27.66317213391951,True,Positive FCF + CapEx
DLF,Mar 2017,-898.0,872.0,-1770.0,197.10467706013364,-97.10467706013362,True,Negative FCF + CapEx
DLF,Mar 2018,270.0,2102.0,-1832.0,-678.5185185185185,778.5185185185185,True,Negative FCF + CapEx
DLF,Mar 2019,2043.0,3.0,2040.0,99.85315712187959,0.14684287812041116,True,Positive FCF + CapEx
DLF,Mar 2020,356.0,6508.0,-6152.0,-1728.0898876404492,1828.0898876404492,True,Negative FCF + CapEx
DLF,Mar 2021,1460.0,150.0,1310.0,89.72602739726028,10.273972602739725,True,Positive FCF + CapEx
DLF,Mar 2022,2832.0,267.0,2565.0,90.57203389830508,9.427966101694915,True,Positive FCF + CapEx
DLF,Mar 2023,2375.0,461.0,1914.0,80.58947368421052,19.410526315789472,True,Positive FCF + CapEx
DLF,Mar 2024,2539.0,1529.0,1010.0,39.77944072469476,60.22055927530524,True,Positive FCF + CapEx
DMART,Mar 2013,127.0,231.0,-104.0,-81.88976377952756,181.88976377952756,True,Negative FCF + CapEx
DMART,Mar 2014,198.0,270.0,-72.0,-36.36363636363637,136.36363636363635,True,Negative FCF + CapEx
DMART,Mar 2015,222.0,474.0,-252.0,-113.51351351351352,213.51351351351352,True,Negative FCF + CapEx
DMART,Mar 2016,433.0,633.0,-200.0,-46.18937644341801,146.189376443418,True,Negative FCF + CapEx
DMART,Mar 2017,455.0,2482.0,-2027.0,-445.4945054945055,545.4945054945055,True,Negative FCF + CapEx
DMART,Mar 2018,730.0,464.0,266.0,36.43835616438356,63.561643835616444,True,Positive FCF + CapEx
DMART,Mar 2019,807.0,958.0,-151.0,-18.711276332094176,118.71127633209417,True,Negative FCF + CapEx
DMART,Mar 2020,1280.0,4657.0,-3377.0,-263.828125,363.828125,True,Negative FCF + CapEx
DMART,Mar 2021,1375.0,1110.0,265.0,19.272727272727273,80.72727272727272,True,Positive FCF + CapEx
DMART,Mar 2022,1372.0,1289.0,83.0,6.049562682215743,93.95043731778425,True,Positive FCF + CapEx
DMART,Mar 2023,2630.0,2313.0,317.0,12.0532319391635,87.9467680608365,True,Positive FCF + CapEx
DMART,Mar 2024,2746.0,2468.0,278.0,10.1238164603059,89.8761835396941,True,Positive FCF + CapEx
DRREDDY,Mar 2013,1378.0,1437.0,-59.0,-4.281567489114659,104.28156748911465,True,Negative FCF + CapEx
DRREDDY,Mar 2014,1970.0,1604.0,366.0,18.578680203045685,81.42131979695432,True,Positive FCF + CapEx
DRREDDY,Mar 2015,2524.0,2370.0,154.0,6.101426307448494,93.89857369255151,True,Positive FCF + CapEx
DRREDDY,Mar 2016,3263.0,1610.0,1653.0,50.65890285013791,49.34109714986209,True,Positive FCF + CapEx
DRREDDY,Mar 2017,2144.0,1890.0,254.0,11.847014925373134,88.15298507462687,True,Positive FCF + CapEx
DRREDDY,Mar 2018,1803.0,1483.0,320.0,17.74819744869662,82.25180255130338,True,Positive FCF + CapEx
DRREDDY,Mar 2019,2870.0,769.0,2101.0,73.20557491289199,26.794425087108014,True,Positive FCF + CapEx
DRREDDY,Mar 2020,2984.0,495.0,2489.0,83.41152815013405,16.58847184986595,True,Positive FCF + CapEx
DRREDDY,Mar 2021,3570.0,2255.0,1315.0,36.83473389355743,63.16526610644257,True,Positive FCF + CapEx
DRREDDY,Mar 2022,2811.0,2565.0,246.0,8.751334044823906,91.2486659551761,True,Positive FCF + CapEx
DRREDDY,Mar 2023,5888.0,4109.0,1779.0,30.21399456521739,69.78600543478261,True,Positive FCF + CapEx
DRREDDY,Mar 2024,4543.0,4034.0,509.0,11.204050187101036,88.79594981289897,True,Positive FCF + CapEx
EICHERMOT,Dec 2012,496.0,773.0,-277.0,-55.846774193548384,155.84677419354838,True,Negative FCF + CapEx
EICHERMOT,Dec 2013,716.0,790.0,-74.0,-10.335195530726256,110.33519553072625,True,Negative FCF + CapEx
EICHERMOT,Dec 2014,1047.0,1214.0,-167.0,-15.950334288443171,115.95033428844317,True,Negative FCF + CapEx
EICHERMOT,Mar 2016,1463.0,1001.0,462.0,31.57894736842105,68.42105263157895,True,Positive FCF + CapEx
EICHERMOT,Mar 2017,1708.0,1744.0,-36.0,-2.107728337236534,102.10772833723654,True,Negative FCF + CapEx
EICHERMOT,Mar 2018,2482.0,2145.0,337.0,13.577759871071715,86.42224012892828,True,Positive FCF + CapEx
EICHERMOT,Mar 2019,1575.0,660.0,915.0,58.0952380952381,41.904761904761905,True,Positive FCF + CapEx
EICHERMOT,Mar 2020,1694.0,1508.0,186.0,10.979929161747345,89.02007083825265,True,Positive FCF + CapEx
EICHERMOT,Mar 2021,1691.0,1625.0,66.0,3.903015966883501,96.0969840331165,True,Positive FCF + CapEx
EICHERMOT,Mar 2022,1527.0,983.0,544.0,35.62540929927963,64.37459070072038,True,Positive FCF + CapEx
EICHERMOT,Mar 2023,2823.0,2397.0,426.0,15.090329436769395,84.9096705632306,True,Positive FCF + CapEx
EICHERMOT,Mar 2024,3724.0,2834.0,890.0,23.899033297529538,76.10096670247046,True,Positive FCF + CapEx
GAIL,Mar 2013,6603.0,8626.0,-2023.0,-30.637588974708468,130.63758897470848,True,Negative FCF + CapEx
GAIL,Mar 2014,4615.0,4466.0,149.0,3.228602383531961,96.77139761646804,True,Positive FCF + CapEx
GAIL,Mar 2015,4214.0,2809.0,1405.0,33.34124347413384,66.65875652586615,True,Positive FCF + CapEx
GAIL,Mar 2016,3960.0,904.0,3056.0,77.17171717171716,22.828282828282827,True,Positive FCF + CapEx
GAIL,Mar 2017,6024.0,334.0,5690.0,94.45551128818062,5.544488711819389,True,Positive FCF + CapEx
GAIL,Mar 2018,8769.0,2660.0,6109.0,69.66586840004561,30.334131599954382,True,Positive FCF + CapEx
GAIL,Mar 2019,7984.0,5701.0,2283.0,28.594689378757515,71.40531062124249,True,Positive FCF + CapEx
GAIL,Mar 2020,8345.0,8299.0,46.0,0.5512282804074297,99.44877171959257,True,Positive FCF + CapEx
GAIL,Mar 2021,8993.0,4640.0,4353.0,48.40431446680752,51.59568553319248,True,Positive FCF + CapEx
GAIL,Mar 2022,9420.0,5490.0,3930.0,41.71974522292994,58.28025477707006,True,Positive FCF + CapEx
GAIL,Mar 2023,3205.0,7453.0,-4248.0,-132.54290171606863,232.54290171606863,True,Negative FCF + CapEx
GAIL,Mar 2024,12586.0,8226.0,4360.0,34.641665342443986,65.35833465755601,True,Positive FCF + CapEx
GODREJCP,Mar 2013,820.0,865.0,-45.0,-5.487804878048781,105.48780487804879,True,Negative FCF + CapEx
GODREJCP,Mar 2014,1116.0,494.0,622.0,55.7347670250896,44.2652329749104,True,Positive FCF + CapEx
GODREJCP,Mar 2015,1027.0,1236.0,-209.0,-20.35053554040896,120.35053554040896,True,Negative FCF + CapEx
GODREJCP,Mar 2016,847.0,622.0,225.0,26.564344746162927,73.43565525383707,True,Positive FCF + CapEx
GODREJCP,Mar 2017,1860.0,2243.0,-383.0,-20.591397849462364,120.59139784946235,True,Negative FCF + CapEx
GODREJCP,Mar 2018,1723.0,336.0,1387.0,80.49912942542078,19.50087057457922,True,Positive FCF + CapEx
GODREJCP,Mar 2019,1729.0,274.0,1455.0,84.15268941584732,15.847310584152691,True,Positive FCF + CapEx
GODREJCP,Mar 2020,1588.0,552.0,1036.0,65.23929471032746,34.76070528967254,True,Positive FCF + CapEx
GODREJCP,Mar 2021,2030.0,292.0,1738.0,85.61576354679804,14.384236453201972,True,Positive FCF + CapEx
GODREJCP,Mar 2022,1451.0,844.0,607.0,41.833218470020675,58.166781529979325,True,Positive FCF + CapEx
GODREJCP,Mar 2023,2151.0,1754.0,397.0,18.456531845653185,81.54346815434683,True,Positive FCF + CapEx
GODREJCP,Mar 2024,2070.0,3435.0,-1365.0,-65.94202898550725,165.94202898550725,True,Negative FCF + CapEx
GRASIM,Mar 2013,4242.0,5687.0,-1445.0,-34.06412069778406,134.06412069778406,True,Negative FCF + CapEx
GRASIM,Mar 2014,3549.0,2336.0,1213.0,34.17864187094956,65.82135812905044,True,Positive FCF + CapEx
GRASIM,Mar 2015,4594.0,2359.0,2235.0,48.65041358293426,51.34958641706574,True,Positive FCF + CapEx
GRASIM,Mar 2016,5868.0,4515.0,1353.0,23.05725971370143,76.94274028629857,True,Positive FCF + CapEx
GRASIM,Mar 2017,7288.0,3509.0,3779.0,51.852360043907794,48.147639956092206,True,Positive FCF + CapEx
GRASIM,Mar 2018,-4140.0,1546.0,-5686.0,137.34299516908212,-37.34299516908213,True,Negative FCF + CapEx
GRASIM,Mar 2019,-1659.0,2212.0,-3871.0,233.33333333333334,-133.33333333333331,True,Negative FCF + CapEx
GRASIM,Mar 2020,16620.0,11364.0,5256.0,31.624548736462092,68.3754512635379,True,Positive FCF + CapEx
GRASIM,Mar 2021,15075.0,7146.0,7929.0,52.59701492537313,47.40298507462686,True,Positive FCF + CapEx
GRASIM,Mar 2022,7038.0,1053.0,5985.0,85.0383631713555,14.961636828644501,True,Positive FCF + CapEx
GRASIM,Mar 2023,-12685.0,13712.0,-26397.0,208.0961765865195,-108.0961765865195,True,Negative FCF + CapEx
GRASIM,Mar 2024,-10719.0,23114.0,-33833.0,315.6357869204217,-215.63578692042168,True,Negative FCF + CapEx
HAL,Mar 2017,-423.0,3021.0,-3444.0,814.1843971631206,-714.1843971631206,True,Negative FCF + CapEx
HAL,Mar 2018,-734.0,594.0,-1328.0,180.92643051771117,-80.92643051771117,True,Negative FCF + CapEx
HAL,Mar 2019,-7694.0,5292.0,-12986.0,168.78086820899404,-68.78086820899402,True,Negative FCF + CapEx
HAL,Mar 2020,1537.0,1334.0,203.0,13.20754716981132,86.79245283018868,True,Positive FCF + CapEx
HAL,Mar 2021,15124.0,1190.0,13934.0,92.13171118751653,7.8682888124834705,True,Positive FCF + CapEx
HAL,Mar 2022,10180.0,12789.0,-2609.0,-25.628683693516702,125.62868369351669,True,Negative FCF + CapEx
HAL,Mar 2023,8836.0,5734.0,3102.0,35.1063829787234,64.8936170212766,True,Positive FCF + CapEx
HAL,Mar 2024,8226.0,6412.0,1814.0,22.052030148310237,77.94796985168976,True,Positive FCF + CapEx
HAVELLS,Mar 2013,638.0,144.0,494.0,77.4294670846395,22.570532915360502,True,Positive FCF + CapEx
HAVELLS,Mar 2014,868.0,376.0,492.0,56.68202764976959,43.31797235023041,True,Positive FCF + CapEx
HAVELLS,Mar 2015,963.0,485.0,478.0,49.63655244029076,50.36344755970924,True,Positive FCF + CapEx
HAVELLS,Mar 2016,513.0,121.0,392.0,76.41325536062378,23.586744639376217,True,Positive FCF + CapEx
HAVELLS,Mar 2017,767.0,220.0,547.0,71.31681877444589,28.683181225554105,True,Positive FCF + CapEx
HAVELLS,Mar 2018,1100.0,946.0,154.0,14.000000000000002,86.0,True,Positive FCF + CapEx
HAVELLS,Mar 2019,501.0,185.0,316.0,63.07385229540918,36.92614770459082,True,Positive FCF + CapEx
HAVELLS,Mar 2020,827.0,548.0,279.0,33.736396614268436,66.26360338573156,True,Positive FCF + CapEx
HAVELLS,Mar 2021,660.0,763.0,-103.0,-15.606060606060607,115.6060606060606,True,Negative FCF + CapEx
HAVELLS,Mar 2022,1728.0,759.0,969.0,56.076388888888886,43.92361111111111,True,Positive FCF + CapEx
HAVELLS,Mar 2023,565.0,31.0,534.0,94.51327433628319,5.486725663716814,True,Positive FCF + CapEx
HAVELLS,Mar 2024,1953.0,1618.0,335.0,17.15309779825909,82.84690220174092,True,Positive FCF + CapEx
HCLTECH,Jun 2013,4492.0,2361.0,2131.0,47.439893143365985,52.560106856634015,True,Positive FCF + CapEx
HCLTECH,Jun 2014,6457.0,4842.0,1615.0,25.01161530122348,74.98838469877653,True,Positive FCF + CapEx
HCLTECH,Jun 2015,5539.0,2088.0,3451.0,62.30366492146597,37.696335078534034,True,Positive FCF + CapEx
HCLTECH,Mar 2017,8995.0,3890.0,5105.0,56.75375208449138,43.24624791550862,True,Positive FCF + CapEx
HCLTECH,Mar 2018,8328.0,2236.0,6092.0,73.15081652257444,26.849183477425555,True,Positive FCF + CapEx
HCLTECH,Mar 2019,8971.0,3256.0,5715.0,63.7052725448668,36.294727455133206,True,Positive FCF + CapEx
HCLTECH,Mar 2020,13359.0,12332.0,1027.0,7.687701175237667,92.31229882476232,True,Positive FCF + CapEx
HCLTECH,Mar 2021,19618.0,5665.0,13953.0,71.12345804873075,28.876541951269243,True,Positive FCF + CapEx
HCLTECH,Mar 2022,16900.0,1597.0,15303.0,90.55029585798816,9.449704142011834,True,Positive FCF + CapEx
HCLTECH,Mar 2023,18009.0,3573.0,14436.0,80.15992003998001,19.84007996001999,True,Positive FCF + CapEx
HCLTECH,Mar 2024,22448.0,6608.0,15840.0,70.56307911617962,29.436920883820385,True,Positive FCF + CapEx
HDFCBANK,Mar 2013,-5847.0,902.0,-6749.0,115.42671455447237,-15.42671455447238,True,Negative FCF + CapEx
HDFCBANK,Mar 2014,4211.0,1099.0,3112.0,73.90168606031821,26.098313939681784,True,Positive FCF + CapEx
HDFCBANK,Mar 2015,-21281.0,800.0,-22081.0,103.75922184107888,-3.759221841078897,True,Negative FCF + CapEx
HDFCBANK,Mar 2016,-34435.0,837.0,-35272.0,102.4306664730652,-2.4306664730651955,True,Negative FCF + CapEx
HDFCBANK,Mar 2017,17282.0,1146.0,16136.0,93.3688230528874,6.631176947112603,True,Positive FCF + CapEx
HDFCBANK,Mar 2018,17214.0,842.0,16372.0,95.10863250842337,4.891367491576624,True,Positive FCF + CapEx
HDFCBANK,Mar 2019,-62872.0,1503.0,-64375.0,102.39057131950631,-2.3905713195062983,True,Negative FCF + CapEx
HDFCBANK,Mar 2020,-16869.0,1403.0,-18272.0,108.31703124073744,-8.317031240737448,True,Negative FCF + CapEx
HDFCBANK,Mar 2021,42476.0,1823.0,40653.0,95.70816461060363,4.291835389396366,True,Positive FCF + CapEx
HDFCBANK,Mar 2022,-11960.0,2051.0,-14011.0,117.14882943143812,-17.148829431438127,True,Negative FCF + CapEx
HDFCBANK,Mar 2023,20814.0,2992.0,17822.0,85.62506005573172,14.37493994426828,True,Positive FCF + CapEx
HDFCBANK,Mar 2024,19069.0,16600.0,2469.0,12.94771618857832,87.05228381142169,True,Positive FCF + CapEx
HDFCLIFE,Mar 2013,,,,,,False,Insufficient Data
HDFCLIFE,Mar 2014,,,,,,False,Insufficient Data
HDFCLIFE,Mar 2015,4459.0,3514.0,945.0,21.19309262166405,78.80690737833595,True,Positive FCF + CapEx
HDFCLIFE,Mar 2016,5687.0,3962.0,1725.0,30.332336908739233,69.66766309126076,True,Positive FCF + CapEx
HDFCLIFE,Mar 2017,6230.0,5177.0,1053.0,16.902086677367574,83.09791332263242,True,Positive FCF + CapEx
HDFCLIFE,Mar 2018,6739.0,4421.0,2318.0,34.3967947766731,65.6032052233269,True,Positive FCF + CapEx
HDFCLIFE,Mar 2019,9868.0,10182.0,-314.0,-3.18200243210377,103.18200243210376,True,Negative FCF + CapEx
HDFCLIFE,Mar 2020,7388.0,7789.0,-401.0,-5.4277206280454795,105.42772062804548,True,Negative FCF + CapEx
HDFCLIFE,Mar 2021,9703.0,8952.0,751.0,7.739874265691022,92.26012573430897,True,Positive FCF + CapEx
HDFCLIFE,Mar 2022,5943.0,801.0,5142.0,86.52195860676426,13.47804139323574,True,Positive FCF + CapEx
HDFCLIFE,Mar 2023,6883.0,10071.0,-3188.0,-46.317012930408254,146.31701293040825,True,Negative FCF + CapEx
HDFCLIFE,Mar 2024,10721.0,13614.0,-2893.0,-26.984423094860553,126.98442309486056,True,Negative FCF + CapEx
HEROMOTOCO,Mar 2014,2963.0,1616.0,1347.0,45.46068174147823,54.539318258521774,True,Positive FCF + CapEx
HEROMOTOCO,Mar 2015,2186.0,31.0,2155.0,98.5818847209515,1.4181152790484903,True,Positive FCF + CapEx
HEROMOTOCO,Mar 2016,3722.0,2300.0,1422.0,38.20526598602902,61.79473401397099,True,Positive FCF + CapEx
HEROMOTOCO,Mar 2017,4007.0,1972.0,2035.0,50.78612428250562,49.21387571749439,True,Positive FCF + CapEx
HEROMOTOCO,Mar 2018,4017.0,1858.0,2159.0,53.746577047547916,46.25342295245208,True,Positive FCF + CapEx
HEROMOTOCO,Mar 2019,1032.0,1298.0,-266.0,-25.775193798449614,125.7751937984496,True,Negative FCF + CapEx
HEROMOTOCO,Mar 2020,5518.0,2819.0,2699.0,48.91264951069228,51.087350489307724,True,Positive FCF + CapEx
HEROMOTOCO,Mar 2021,4110.0,2289.0,1821.0,44.306569343065696,55.693430656934304,True,Positive FCF + CapEx
HEROMOTOCO,Mar 2022,2104.0,222.0,1882.0,89.44866920152091,10.551330798479087,True,Positive FCF + CapEx
HEROMOTOCO,Mar 2023,2614.0,421.0,2193.0,83.89441469013008,16.10558530986993,True,Positive FCF + CapEx
HEROMOTOCO,Mar 2024,4923.0,1828.0,3095.0,62.868169815153365,37.131830184846635,True,Positive FCF + CapEx
HINDALCO,Mar 2013,2977.0,13801.0,-10824.0,-363.5875041988579,463.5875041988579,True,Negative FCF + CapEx
HINDALCO,Mar 2014,7956.0,8095.0,-139.0,-1.7471091000502765,101.74710910005027,True,Negative FCF + CapEx
HINDALCO,Mar 2015,7143.0,3873.0,3270.0,45.77908441831163,54.22091558168837,True,Positive FCF + CapEx
HINDALCO,Mar 2016,11688.0,3220.0,8468.0,72.45037645448323,27.54962354551677,True,Positive FCF + CapEx
HINDALCO,Mar 2017,12687.0,2876.0,9811.0,77.3311263498069,22.66887365019311,True,Positive FCF + CapEx
HINDALCO,Mar 2018,10898.0,5333.0,5565.0,51.06441548908056,48.93558451091943,True,Positive FCF + CapEx
HINDALCO,Mar 2019,11977.0,5456.0,6521.0,54.44602154128747,45.55397845871253,True,Positive FCF + CapEx
HINDALCO,Mar 2020,12745.0,7227.0,5518.0,43.29540996469204,56.704590035307966,True,Positive FCF + CapEx
HINDALCO,Mar 2021,17232.0,25280.0,-8048.0,-46.70380687093779,146.70380687093777,True,Negative FCF + CapEx
HINDALCO,Mar 2022,16838.0,6773.0,10065.0,59.77550778002138,40.22449221997862,True,Positive FCF + CapEx
HINDALCO,Mar 2023,19208.0,7559.0,11649.0,60.64660558100792,39.35339441899209,True,Positive FCF + CapEx
HINDALCO,Mar 2024,24056.0,14267.0,9789.0,40.69255071499834,59.30744928500167,True,Positive FCF + CapEx
HINDUNILVR,Mar 2013,3605.0,63.0,3542.0,98.25242718446601,1.7475728155339807,True,Positive FCF + CapEx
HINDUNILVR,Mar 2014,3818.0,475.0,3343.0,87.55893137768466,12.441068622315349,True,Positive FCF + CapEx
HINDUNILVR,Mar 2015,3292.0,138.0,3154.0,95.80801944106926,4.191980558930741,True,Positive FCF + CapEx
HINDUNILVR,Mar 2016,4171.0,282.0,3889.0,93.23903140733637,6.76096859266363,True,Positive FCF + CapEx
HINDUNILVR,Mar 2017,5185.0,1173.0,4012.0,77.37704918032787,22.62295081967213,True,Positive FCF + CapEx
HINDUNILVR,Mar 2018,6059.0,1063.0,4996.0,82.45585080046213,17.544149199537877,True,Positive FCF + CapEx
HINDUNILVR,Mar 2019,5800.0,438.0,5362.0,92.44827586206897,7.551724137931035,True,Positive FCF + CapEx
HINDUNILVR,Mar 2020,7623.0,1791.0,5832.0,76.50531286894923,23.494687131050767,True,Positive FCF + CapEx
HINDUNILVR,Mar 2021,9163.0,1228.0,7935.0,86.59827567390592,13.401724326094074,True,Positive FCF + CapEx
HINDUNILVR,Mar 2022,9048.0,1728.0,7320.0,80.90185676392572,19.098143236074268,True,Positive FCF + CapEx
HINDUNILVR,Mar 2023,9991.0,1484.0,8507.0,85.14663196877189,14.853368031228106,True,Positive FCF + CapEx
HINDUNILVR,Mar 2024,15469.0,5324.0,10145.0,65.5827784601461,34.417221539853905,True,Positive FCF + CapEx
ICICIBANK,Mar 2013,17494.0,18563.0,-1069.0,-6.1106665142334515,106.11066651423344,True,Negative FCF + CapEx
ICICIBANK,Mar 2014,6765.0,15750.0,-8985.0,-132.8159645232816,232.8159645232816,True,Negative FCF + CapEx
ICICIBANK,Mar 2015,-12273.0,13175.0,-25448.0,207.34946630815608,-107.34946630815611,True,Negative FCF + CapEx
ICICIBANK,Mar 2016,23645.0,12060.0,11585.0,48.99555931486572,51.00444068513428,True,Positive FCF + CapEx
ICICIBANK,Mar 2017,52636.0,1711.0,50925.0,96.74937305266357,3.2506269473364235,True,Positive FCF + CapEx
ICICIBANK,Mar 2018,19383.0,50551.0,-31168.0,-160.80070164577208,260.80070164577205,True,Negative FCF + CapEx
ICICIBANK,Mar 2019,48671.0,30282.0,18389.0,37.78225226520926,62.21774773479074,True,Positive FCF + CapEx
ICICIBANK,Mar 2020,79565.0,42095.0,37470.0,47.09357129391064,52.90642870608936,True,Positive FCF + CapEx
ICICIBANK,Mar 2021,138015.0,63631.0,74384.0,53.89559105894287,46.10440894105713,True,Positive FCF + CapEx
ICICIBANK,Mar 2022,58111.0,39448.0,18663.0,32.11612259296863,67.88387740703136,True,Positive FCF + CapEx
ICICIBANK,Mar 2023,-3771.0,67689.0,-71460.0,1894.9880668257756,-1794.9880668257756,True,Negative FCF + CapEx
ICICIBANK,Mar 2024,157284.0,144737.0,12547.0,7.977289489077083,92.0227105109229,True,Positive FCF + CapEx
ICICIGI,Mar 2013,984.0,962.0,22.0,2.2357723577235773,97.76422764227642,True,Positive FCF + CapEx
ICICIGI,Mar 2014,595.0,706.0,-111.0,-18.65546218487395,118.65546218487395,True,Negative FCF + CapEx
ICICIGI,Mar 2015,-98.0,171.0,-269.0,274.48979591836735,-174.48979591836735,True,Negative FCF + CapEx
ICICIGI,Mar 2016,511.0,310.0,201.0,39.33463796477495,60.665362035225044,True,Positive FCF + CapEx
ICICIGI,Mar 2017,1628.0,1990.0,-362.0,-22.235872235872236,122.23587223587225,True,Negative FCF + CapEx
ICICIGI,Mar 2018,2390.0,1896.0,494.0,20.669456066945607,79.3305439330544,True,Positive FCF + CapEx
ICICIGI,Mar 2019,2976.0,2856.0,120.0,4.032258064516129,95.96774193548387,True,Positive FCF + CapEx
ICICIGI,Mar 2020,3433.0,3382.0,51.0,1.4855811243810078,98.51441887561899,True,Positive FCF + CapEx
ICICIGI,Mar 2021,1774.0,1367.0,407.0,22.94250281848929,77.05749718151071,True,Positive FCF + CapEx
ICICIGI,Mar 2022,809.0,135.0,674.0,83.31273176761434,16.68726823238566,True,Positive FCF + CapEx
ICICIGI,Mar 2023,2290.0,1685.0,605.0,26.419213973799128,73.58078602620087,True,Positive FCF + CapEx
ICICIGI,Mar 2024,2407.0,1921.0,486.0,20.191109264644787,79.8088907353552,True,Positive FCF + CapEx
ICICIPRULI,Mar 2013,-2641.0,1564.0,-4205.0,159.21999242711092,-59.219992427110945,True,Negative FCF + CapEx
ICICIPRULI,Mar 2014,-2382.0,6012.0,-8394.0,352.39294710327454,-252.39294710327457,True,Negative FCF + CapEx
ICICIPRULI,Mar 2015,523.0,1822.0,-1299.0,-248.37476099426388,348.37476099426385,True,Negative FCF + CapEx
ICICIPRULI,Mar 2016,3634.0,27.0,3607.0,99.2570170610897,0.7429829389102918,True,Positive FCF + CapEx
ICICIPRULI,Mar 2017,4130.0,696.0,3434.0,83.14769975786925,16.85230024213075,True,Positive FCF + CapEx
ICICIPRULI,Mar 2018,5690.0,5389.0,301.0,5.289982425307557,94.71001757469244,True,Positive FCF + CapEx
ICICIPRULI,Mar 2019,11377.0,7559.0,3818.0,33.558934692801266,66.44106530719873,True,Positive FCF + CapEx
ICICIPRULI,Mar 2020,8596.0,10797.0,-2201.0,-25.60493252675663,125.60493252675664,True,Negative FCF + CapEx
ICICIPRULI,Mar 2021,7314.0,5084.0,2230.0,30.48947224500957,69.51052775499042,True,Positive FCF + CapEx
ICICIPRULI,Mar 2022,1831.0,816.0,1015.0,55.434188967777175,44.56581103222283,True,Positive FCF + CapEx
ICICIPRULI,Mar 2023,89.0,1145.0,-1056.0,-1186.5168539325844,1286.5168539325844,True,Negative FCF + CapEx
ICICIPRULI,Mar 2024,-7315.0,7420.0,-14735.0,201.43540669856458,-101.43540669856459,True,Negative FCF + CapEx
INDUSINDBK,Mar 2013,-486.0,174.0,-660.0,135.80246913580248,-35.80246913580247,True,Negative FCF + CapEx
INDUSINDBK,Mar 2014,-4106.0,174.0,-4280.0,104.23770092547491,-4.237700925474915,True,Negative FCF + CapEx
INDUSINDBK,Mar 2015,-1421.0,276.0,-1697.0,119.42294159042928,-19.422941590429275,True,Negative FCF + CapEx
INDUSINDBK,Mar 2016,-2927.0,258.0,-3185.0,108.8144858216604,-8.814485821660403,True,Negative FCF + CapEx
INDUSINDBK,Mar 2017,11569.0,285.0,11284.0,97.53652001037256,2.4634799896274524,True,Positive FCF + CapEx
INDUSINDBK,Mar 2018,-20700.0,217.0,-20917.0,101.04830917874396,-1.0483091787439613,True,Negative FCF + CapEx
INDUSINDBK,Mar 2019,-6389.0,633.0,-7022.0,109.90765377993425,-9.907653779934263,True,Negative FCF + CapEx
INDUSINDBK,Mar 2020,-12039.0,526.0,-12565.0,104.36913364897418,-4.3691336489741674,True,Negative FCF + CapEx
INDUSINDBK,Mar 2021,44646.0,226.0,44420.0,99.49379563678717,0.5062043632128298,True,Positive FCF + CapEx
INDUSINDBK,Mar 2022,16600.0,351.0,16249.0,97.8855421686747,2.1144578313253013,True,Positive FCF + CapEx
INDUSINDBK,Mar 2023,-12438.0,441.0,-12879.0,103.54558610709117,-3.545586107091172,True,Negative FCF + CapEx
INDUSINDBK,Mar 2024,-16843.0,625.0,-17468.0,103.710740366918,-3.7107403669180075,True,Negative FCF + CapEx
INFY,Mar 2013,7373.0,2922.0,4451.0,60.36891360368914,39.63108639631086,True,Positive FCF + CapEx
INFY,Mar 2014,9825.0,2563.0,7262.0,73.91348600508906,26.08651399491094,True,Positive FCF + CapEx
INFY,Mar 2015,8353.0,999.0,7354.0,88.04022506883754,11.959774931162457,True,Positive FCF + CapEx
INFY,Mar 2016,10028.0,885.0,9143.0,91.17471080973274,8.825289190267252,True,Positive FCF + CapEx
INFY,Mar 2017,11531.0,14664.0,-3133.0,-27.17023675310034,127.17023675310033,True,Negative FCF + CapEx
INFY,Mar 2018,13218.0,4533.0,8685.0,65.70585565138447,34.294144348615525,True,Positive FCF + CapEx
INFY,Mar 2019,14841.0,632.0,14209.0,95.74152685129035,4.258473148709656,True,Positive FCF + CapEx
INFY,Mar 2020,17003.0,331.0,16672.0,98.05328471446215,1.9467152855378465,True,Positive FCF + CapEx
INFY,Mar 2021,23224.0,7373.0,15851.0,68.25266965208405,31.74733034791595,True,Positive FCF + CapEx
INFY,Mar 2022,23885.0,6485.0,17400.0,72.84906845300398,27.15093154699602,True,Positive FCF + CapEx
INFY,Mar 2023,22467.0,1071.0,21396.0,95.2330084123381,4.766991587661904,True,Positive FCF + CapEx
INFY,Mar 2024,25210.0,5093.0,20117.0,79.79769932566441,20.20230067433558,True,Positive FCF + CapEx
IOC,Mar 2013,9340.0,9294.0,46.0,0.4925053533190578,99.50749464668094,True,Positive FCF + CapEx
IOC,Mar 2014,24195.0,18594.0,5601.0,23.14941103533788,76.85058896466212,True,Positive FCF + CapEx
IOC,Mar 2015,46092.0,10215.0,35877.0,77.83780265555845,22.16219734444155,True,Positive FCF + CapEx
IOC,Mar 2016,25624.0,13610.0,12014.0,46.88573212613175,53.11426787386825,True,Positive FCF + CapEx
IOC,Mar 2017,28216.0,17684.0,10532.0,37.32633966543805,62.67366033456195,True,Positive FCF + CapEx
IOC,Mar 2018,29115.0,17119.0,11996.0,41.20212948651898,58.79787051348102,True,Positive FCF + CapEx
IOC,Mar 2019,12747.0,22569.0,-9822.0,-77.05342433513768,177.0534243351377,True,Negative FCF + CapEx
IOC,Mar 2020,7146.0,29101.0,-21955.0,-307.2348166806605,407.23481668066046,True,Negative FCF + CapEx
IOC,Mar 2021,49650.0,22935.0,26715.0,53.80664652567976,46.19335347432024,True,Positive FCF + CapEx
IOC,Mar 2022,25747.0,21294.0,4453.0,17.29521886044976,82.70478113955025,True,Positive FCF + CapEx
IOC,Mar 2023,29644.0,28030.0,1614.0,5.444609364458238,94.55539063554176,True,Positive FCF + CapEx
IOC,Mar 2024,71099.0,31464.0,39635.0,55.74621302690615,44.25378697309385,True,Positive FCF + CapEx
IRCTC,Mar 2015,69.0,46.0,23.0,33.33333333333333,66.66666666666666,True,Positive FCF + CapEx
IRCTC,Mar 2016,288.0,7.0,281.0,97.56944444444444,2.430555555555556,True,Positive FCF + CapEx
IRCTC,Mar 2017,338.0,94.0,244.0,72.18934911242604,27.810650887573964,True,Positive FCF + CapEx
IRCTC,Mar 2018,24.0,40.0,-16.0,-66.66666666666666,166.66666666666669,True,Negative FCF + CapEx
IRCTC,Mar 2019,499.0,353.0,146.0,29.258517034068138,70.74148296593187,True,Positive FCF + CapEx
IRCTC,Mar 2020,409.0,8.0,401.0,98.0440097799511,1.9559902200488997,True,Positive FCF + CapEx
IRCTC,Mar 2021,248.0,453.0,-205.0,-82.66129032258065,182.66129032258064,True,Negative FCF + CapEx
IRCTC,Mar 2022,524.0,242.0,282.0,53.81679389312977,46.18320610687023,True,Positive FCF + CapEx
IRCTC,Mar 2023,812.0,317.0,495.0,60.960591133004925,39.039408866995075,True,Positive FCF + CapEx
IRCTC,Mar 2024,882.0,215.0,667.0,75.62358276643991,24.37641723356009,True,Positive FCF + CapEx
IRFC,Mar 2016,-16378.0,2.0,-16380.0,100.01221150323605,-0.012211503236048358,True,Negative FCF + CapEx
IRFC,Mar 2017,-19455.0,2.0,-19457.0,100.01028013364173,-0.010280133641737342,True,Negative FCF + CapEx
IRFC,Mar 2018,-28076.0,2.0,-28078.0,100.0071235218692,-0.007123521869212139,True,Negative FCF + CapEx
IRFC,Mar 2019,-41748.0,1.0,-41749.0,100.00239532432691,-0.002395324326913864,True,Negative FCF + CapEx
IRFC,Mar 2020,-62701.0,1.0,-62702.0,100.00159487089519,-0.0015948708952010335,True,Negative FCF + CapEx
IRFC,Mar 2021,-89907.0,0.0,-89907.0,100.0,-0.0,True,Negative FCF
IRFC,Mar 2022,-64412.0,5.0,-64417.0,100.00776252872137,-0.007762528721356269,True,Negative FCF + CapEx
IRFC,Mar 2023,-28588.0,0.0,-28588.0,100.0,-0.0,True,Negative FCF
IRFC,Mar 2024,7914.0,8.0,7906.0,99.89891331817033,0.10108668182966893,True,Positive FCF + CapEx
ITC,Mar 2013,7102.0,3881.0,3221.0,45.35342157138834,54.64657842861166,True,Positive FCF + CapEx
ITC,Mar 2014,7344.0,3254.0,4090.0,55.6917211328976,44.308278867102395,True,Positive FCF + CapEx
ITC,Mar 2015,9843.0,5275.0,4568.0,46.40861525957533,53.591384740424665,True,Positive FCF + CapEx
ITC,Mar 2016,9799.0,3921.0,5878.0,59.98571282783958,40.01428717216042,True,Positive FCF + CapEx
ITC,Mar 2017,10627.0,3251.0,7376.0,69.40811141432201,30.59188858567799,True,Positive FCF + CapEx
ITC,Mar 2018,13169.0,7114.0,6055.0,45.979193560634826,54.020806439365174,True,Positive FCF + CapEx
ITC,Mar 2019,12583.0,5546.0,7037.0,55.92466025590082,44.07533974409918,True,Positive FCF + CapEx
ITC,Mar 2020,14690.0,6174.0,8516.0,57.9714091218516,42.0285908781484,True,Positive FCF + CapEx
ITC,Mar 2021,12527.0,5740.0,6787.0,54.178973417418376,45.821026582581624,True,Positive FCF + CapEx
ITC,Mar 2022,15776.0,2238.0,13538.0,85.81389452332657,14.186105476673427,True,Positive FCF + CapEx
ITC,Mar 2023,18878.0,5732.0,13146.0,69.63661404809831,30.363385951901684,True,Positive FCF + CapEx
ITC,Mar 2024,17179.0,1563.0,15616.0,90.9016822865126,9.098317713487397,True,Positive FCF + CapEx
JINDALSTEL,Mar 2013,3522.0,9591.0,-6069.0,-172.3168654173765,272.31686541737645,True,Negative FCF + CapEx
JINDALSTEL,Mar 2014,4580.0,12694.0,-8114.0,-177.16157205240174,277.16157205240177,True,Negative FCF + CapEx
JINDALSTEL,Mar 2015,1182.0,6717.0,-5535.0,-468.2741116751269,568.274111675127,True,Negative FCF + CapEx
JINDALSTEL,Mar 2016,4333.0,2262.0,2071.0,47.79598430648511,52.20401569351488,True,Positive FCF + CapEx
JINDALSTEL,Mar 2017,6850.0,1998.0,4852.0,70.83211678832116,29.16788321167883,True,Positive FCF + CapEx
JINDALSTEL,Mar 2018,7724.0,1431.0,6293.0,81.47332988089073,18.52667011910927,True,Positive FCF + CapEx
JINDALSTEL,Mar 2019,9027.0,832.0,8195.0,90.78320593774232,9.216794062257671,True,Positive FCF + CapEx
JINDALSTEL,Mar 2020,8814.0,1476.0,7338.0,83.25391422736556,16.746085772634444,True,Positive FCF + CapEx
JINDALSTEL,Mar 2021,11961.0,1884.0,10077.0,84.24880862804113,15.751191371958868,True,Positive FCF + CapEx
JINDALSTEL,Mar 2022,16048.0,2331.0,13717.0,85.47482552342971,14.525174476570287,True,Positive FCF + CapEx
JINDALSTEL,Mar 2023,7347.0,4090.0,3257.0,44.33101946372669,55.6689805362733,True,Positive FCF + CapEx
JINDALSTEL,Mar 2024,6008.0,8344.0,-2336.0,-38.8814913448735,138.8814913448735,True,Negative FCF + CapEx
JIOFIN,Mar 2023,2055.0,1110.0,945.0,45.98540145985402,54.01459854014598,True,Positive FCF + CapEx
JIOFIN,Mar 2024,-678.0,1441.0,-2119.0,312.53687315634215,-212.53687315634218,True,Negative FCF + CapEx
JSWENERGY,Mar 2013,1725.0,944.0,781.0,45.27536231884058,54.724637681159415,True,Positive FCF + CapEx
JSWENERGY,Mar 2014,2269.0,363.0,1906.0,84.00176289114147,15.998237108858529,True,Positive FCF + CapEx
JSWENERGY,Mar 2015,3394.0,422.0,2972.0,87.56629345904537,12.433706540954626,True,Positive FCF + CapEx
JSWENERGY,Mar 2016,3538.0,3272.0,266.0,7.518371961560204,92.4816280384398,True,Positive FCF + CapEx
JSWENERGY,Mar 2017,3853.0,762.0,3091.0,80.22320269919543,19.776797300804567,True,Positive FCF + CapEx
JSWENERGY,Mar 2018,3934.0,215.0,3719.0,94.53482460599898,5.465175394001017,True,Positive FCF + CapEx
JSWENERGY,Mar 2019,2491.0,55.0,2436.0,97.79205138498594,2.207948615014051,True,Positive FCF + CapEx
JSWENERGY,Mar 2020,2082.0,301.0,1781.0,85.54274735830933,14.457252641690681,True,Positive FCF + CapEx
JSWENERGY,Mar 2021,3700.0,1030.0,2670.0,72.16216216216216,27.837837837837835,True,Positive FCF + CapEx
JSWENERGY,Mar 2022,2952.0,1387.0,1565.0,53.01490514905149,46.985094850948514,True,Positive FCF + CapEx
JSWENERGY,Mar 2023,2084.0,6778.0,-4694.0,-225.23992322456814,325.23992322456814,True,Negative FCF + CapEx
JSWENERGY,Mar 2024,6234.0,8197.0,-1963.0,-31.48861084376002,131.48861084376003,True,Negative FCF + CapEx
JSWSTEEL,Mar 2013,5844.0,5433.0,411.0,7.032854209445586,92.96714579055441,True,Positive FCF + CapEx
JSWSTEEL,Mar 2014,2594.0,5618.0,-3024.0,-116.57671549730146,216.57671549730145,True,Negative FCF + CapEx
JSWSTEEL,Mar 2015,7876.0,7372.0,504.0,6.399187404773997,93.600812595226,True,Positive FCF + CapEx
JSWSTEEL,Mar 2016,6897.0,3857.0,3040.0,44.0771349862259,55.9228650137741,True,Positive FCF + CapEx
JSWSTEEL,Mar 2017,7888.0,5094.0,2794.0,35.42089249492901,64.579107505071,True,Positive FCF + CapEx
JSWSTEEL,Mar 2018,12379.0,4529.0,7850.0,63.4138460295662,36.5861539704338,True,Positive FCF + CapEx
JSWSTEEL,Mar 2019,14633.0,11387.0,3246.0,22.18273764778241,77.81726235221758,True,Positive FCF + CapEx
JSWSTEEL,Mar 2020,12785.0,19589.0,-6804.0,-53.21861556511537,153.21861556511539,True,Negative FCF + CapEx
JSWSTEEL,Mar 2021,18789.0,7702.0,11087.0,59.007930171909095,40.992069828090905,True,Positive FCF + CapEx
JSWSTEEL,Mar 2022,26270.0,14748.0,11522.0,43.85991625428245,56.14008374571755,True,Positive FCF + CapEx
JSWSTEEL,Mar 2023,23323.0,10730.0,12593.0,53.993911589418175,46.00608841058183,True,Positive FCF + CapEx
JSWSTEEL,Mar 2024,12078.0,14467.0,-2389.0,-19.779764861732076,119.77976486173208,True,Negative FCF + CapEx
KOTAKBANK,Mar 2013,2878.0,9035.0,-6157.0,-213.93328700486447,313.9332870048645,True,Negative FCF + CapEx
KOTAKBANK,Mar 2014,9068.0,1130.0,7938.0,87.53859726510808,12.461402734891927,True,Positive FCF + CapEx
KOTAKBANK,Mar 2015,2302.0,4467.0,-2165.0,-94.04865334491747,194.04865334491745,True,Negative FCF + CapEx
KOTAKBANK,Mar 2016,5025.0,2353.0,2672.0,53.17412935323384,46.82587064676617,True,Positive FCF + CapEx
KOTAKBANK,Mar 2017,13222.0,5289.0,7933.0,59.998487369535624,40.001512630464376,True,Positive FCF + CapEx
KOTAKBANK,Mar 2018,-10392.0,5475.0,-15867.0,152.6847575057737,-52.684757505773675,True,Negative FCF + CapEx
KOTAKBANK,Mar 2019,1822.0,3323.0,-1501.0,-82.38199780461032,182.3819978046103,True,Negative FCF + CapEx
KOTAKBANK,Mar 2020,46619.0,13068.0,33551.0,71.96851069306506,28.031489306934944,True,Positive FCF + CapEx
KOTAKBANK,Mar 2021,4881.0,11172.0,-6291.0,-128.8875230485556,228.88752304855564,True,Negative FCF + CapEx
KOTAKBANK,Mar 2022,8308.0,10903.0,-2595.0,-31.234954260953295,131.23495426095332,True,Negative FCF + CapEx
KOTAKBANK,Mar 2023,-1242.0,10381.0,-11623.0,935.8293075684379,-835.8293075684379,True,Negative FCF + CapEx
KOTAKBANK,Mar 2024,15685.0,8919.0,6766.0,43.136754861332484,56.863245138667516,True,Positive FCF + CapEx
LICI,Mar 2019,13274.0,9636.0,3638.0,27.406960976344735,72.59303902365527,True,Positive FCF + CapEx
LICI,Mar 2020,54367.0,40415.0,13952.0,25.662626225467655,74.33737377453234,True,Positive FCF + CapEx
LICI,Mar 2021,80602.0,148447.0,-67845.0,-84.17284930895015,184.17284930895016,True,Negative FCF + CapEx
LICI,Mar 2022,-3783.0,12531.0,-16314.0,431.2450436161776,-331.2450436161776,True,Negative FCF + CapEx
LICI,Mar 2023,54519.0,52848.0,1671.0,3.0649865184614535,96.93501348153855,True,Positive FCF + CapEx
LICI,Mar 2024,26122.0,25269.0,853.0,3.2654467498660136,96.734553250134,True,Positive FCF + CapEx
LODHA,Mar 2016,387.0,854.0,-467.0,-120.671834625323,220.67183462532302,True,Negative FCF + CapEx
LODHA,Mar 2017,1469.0,1174.0,295.0,20.081688223281144,79.91831177671885,True,Positive FCF + CapEx
LODHA,Mar 2018,696.0,651.0,45.0,6.4655172413793105,93.53448275862068,True,Positive FCF + CapEx
LODHA,Mar 2019,-463.0,175.0,-638.0,137.79697624190064,-37.79697624190065,True,Negative FCF + CapEx
LODHA,Mar 2020,3772.0,182.0,3590.0,95.17497348886532,4.825026511134676,True,Positive FCF + CapEx
LODHA,Mar 2021,2524.0,420.0,2104.0,83.35974643423137,16.64025356576862,True,Positive FCF + CapEx
LODHA,Mar 2022,1998.0,1139.0,859.0,42.992992992992995,57.007007007007005,True,Positive FCF + CapEx
LODHA,Mar 2023,2750.0,1789.0,961.0,34.945454545454545,65.05454545454545,True,Positive FCF + CapEx
LODHA,Mar 2024,2512.0,2947.0,-435.0,-17.31687898089172,117.31687898089172,True,Negative FCF + CapEx
LT,Mar 2013,-4355.0,6922.0,-11277.0,258.94374282433984,-158.94374282433984,True,Negative FCF + CapEx
LT,Mar 2014,-7143.0,5510.0,-12653.0,177.13845723085538,-77.13845723085538,True,Negative FCF + CapEx
LT,Mar 2015,-1365.0,4778.0,-6143.0,450.03663003663,-350.03663003663,True,Negative FCF + CapEx
LT,Mar 2016,-3240.0,4627.0,-7867.0,242.80864197530866,-142.80864197530866,True,Negative FCF + CapEx
LT,Mar 2017,6655.0,9796.0,-3141.0,-47.19759579263712,147.19759579263712,True,Negative FCF + CapEx
LT,Mar 2018,-10031.0,3914.0,-13945.0,139.01904097298373,-39.019040972983746,True,Negative FCF + CapEx
LT,Mar 2019,-4756.0,11023.0,-15779.0,331.7703952901598,-231.7703952901598,True,Negative FCF + CapEx
LT,Mar 2020,6694.0,8408.0,-1714.0,-25.605019420376458,125.60501942037645,True,Negative FCF + CapEx
LT,Mar 2021,23074.0,5750.0,17324.0,75.0801768223975,24.919823177602495,True,Positive FCF + CapEx
LT,Mar 2022,19164.0,3585.0,15579.0,81.29304946775203,18.706950532247966,True,Positive FCF + CapEx
LT,Mar 2023,22777.0,8048.0,14729.0,64.66611055011634,35.33388944988366,True,Positive FCF + CapEx
LT,Mar 2024,18266.0,2179.0,16087.0,88.07073250848572,11.92926749151429,True,Positive FCF + CapEx
LTIM,Mar 2013,608.0,224.0,384.0,63.1578947368421,36.84210526315789,True,Positive FCF + CapEx
LTIM,Mar 2014,628.0,180.0,448.0,71.3375796178344,28.662420382165603,True,Positive FCF + CapEx
LTIM,Mar 2015,642.0,103.0,539.0,83.95638629283489,16.043613707165107,True,Positive FCF + CapEx
LTIM,Mar 2016,858.0,40.0,818.0,95.33799533799534,4.662004662004662,True,Positive FCF + CapEx
LTIM,Mar 2017,1170.0,961.0,209.0,17.863247863247864,82.13675213675214,True,Positive FCF + CapEx
LTIM,Mar 2018,844.0,452.0,392.0,46.44549763033176,53.55450236966824,True,Positive FCF + CapEx
LTIM,Mar 2019,1395.0,749.0,646.0,46.308243727598565,53.691756272401435,True,Positive FCF + CapEx
LTIM,Mar 2020,1644.0,643.0,1001.0,60.88807785888078,39.11192214111922,True,Positive FCF + CapEx
LTIM,Mar 2021,2400.0,1657.0,743.0,30.958333333333332,69.04166666666667,True,Positive FCF + CapEx
LTIM,Mar 2022,3251.0,1643.0,1608.0,49.46170409104891,50.53829590895109,True,Positive FCF + CapEx
LTIM,Mar 2023,3095.0,271.0,2824.0,91.24394184168013,8.75605815831987,True,Positive FCF + CapEx
LTIM,Mar 2024,5670.0,3918.0,1752.0,30.8994708994709,69.1005291005291,True,Positive FCF + CapEx
M&M,Mar 2013,-922.0,2903.0,-3825.0,414.8590021691974,-314.8590021691974,True,Negative FCF + CapEx
M&M,Mar 2014,-244.0,4524.0,-4768.0,1954.0983606557375,-1854.0983606557375,True,Negative FCF + CapEx
M&M,Mar 2015,1055.0,4357.0,-3302.0,-312.98578199052133,412.98578199052133,True,Negative FCF + CapEx
M&M,Mar 2016,2385.0,5506.0,-3121.0,-130.8595387840671,230.85953878406707,True,Negative FCF + CapEx
M&M,Mar 2017,183.0,5875.0,-5692.0,-3110.382513661202,3210.382513661202,True,Negative FCF + CapEx
M&M,Mar 2018,682.0,5467.0,-4785.0,-701.6129032258065,801.6129032258063,True,Negative FCF + CapEx
M&M,Mar 2019,-4347.0,7174.0,-11521.0,265.03335633770416,-165.03335633770416,True,Negative FCF + CapEx
M&M,Mar 2020,-1457.0,6870.0,-8327.0,571.5168153740563,-471.51681537405625,True,Negative FCF + CapEx
M&M,Mar 2021,17909.0,19686.0,-1777.0,-9.922385392819253,109.92238539281925,True,Negative FCF + CapEx
M&M,Mar 2022,9248.0,3252.0,5996.0,64.83564013840831,35.16435986159169,True,Positive FCF + CapEx
M&M,Mar 2023,-7074.0,8866.0,-15940.0,225.33220243143907,-125.33220243143907,True,Negative FCF + CapEx
M&M,Mar 2024,-5630.0,5615.0,-11245.0,199.73357015985792,-99.7335701598579,True,Negative FCF + CapEx
MARUTI,Mar 2013,4059.0,3119.0,940.0,23.15841340231584,76.84158659768417,True,Positive FCF + CapEx
MARUTI,Mar 2014,4995.0,4997.0,-2.0,-0.04004004004004004,100.04004004004004,True,Negative FCF + CapEx
MARUTI,Mar 2015,6449.0,4491.0,1958.0,30.361296325011626,69.63870367498836,True,Positive FCF + CapEx
MARUTI,Mar 2016,8482.0,7230.0,1252.0,14.760669653383635,85.23933034661636,True,Positive FCF + CapEx
MARUTI,Mar 2017,10282.0,9173.0,1109.0,10.78583933086948,89.21416066913052,True,Positive FCF + CapEx
MARUTI,Mar 2018,11788.0,8302.0,3486.0,29.572446555819475,70.42755344418052,True,Positive FCF + CapEx
MARUTI,Mar 2019,6601.0,3540.0,3061.0,46.371761854264506,53.628238145735494,True,Positive FCF + CapEx
MARUTI,Mar 2020,3496.0,557.0,2939.0,84.0675057208238,15.9324942791762,True,Positive FCF + CapEx
MARUTI,Mar 2021,8856.0,7291.0,1565.0,17.671635049683832,82.32836495031617,True,Positive FCF + CapEx
MARUTI,Mar 2022,1840.0,239.0,1601.0,87.01086956521739,12.98913043478261,True,Positive FCF + CapEx
MARUTI,Mar 2023,10815.0,8820.0,1995.0,18.446601941747574,81.55339805825243,True,Positive FCF + CapEx
MARUTI,Mar 2024,16801.0,11865.0,4936.0,29.37920361883221,70.62079638116778,True,Positive FCF + CapEx
MOTHERSON,Mar 2013,1486.0,1089.0,397.0,26.71601615074024,73.28398384925976,True,Positive FCF + CapEx
MOTHERSON,Mar 2014,2695.0,1372.0,1323.0,49.09090909090909,50.90909090909091,True,Positive FCF + CapEx
MOTHERSON,Mar 2015,3390.0,2844.0,546.0,16.10619469026549,83.89380530973452,True,Positive FCF + CapEx
MOTHERSON,Mar 2016,2188.0,1906.0,282.0,12.888482632541134,87.11151736745887,True,Positive FCF + CapEx
MOTHERSON,Mar 2017,3800.0,6145.0,-2345.0,-61.71052631578947,161.71052631578948,True,Negative FCF + CapEx
MOTHERSON,Mar 2018,3264.0,3194.0,70.0,2.144607843137255,97.85539215686273,True,Positive FCF + CapEx
MOTHERSON,Mar 2019,4312.0,3318.0,994.0,23.051948051948052,76.94805194805194,True,Positive FCF + CapEx
MOTHERSON,Mar 2020,6352.0,2220.0,4132.0,65.05037783375315,34.949622166246854,True,Positive FCF + CapEx
MOTHERSON,Mar 2021,5051.0,1886.0,3165.0,62.660859235794895,37.33914076420511,True,Positive FCF + CapEx
MOTHERSON,Mar 2022,2463.0,2304.0,159.0,6.455542021924482,93.54445797807551,True,Positive FCF + CapEx
MOTHERSON,Mar 2023,4643.0,2248.0,2395.0,51.58302821451648,48.416971785483526,True,Positive FCF + CapEx
MOTHERSON,Mar 2024,7569.0,6644.0,925.0,12.220901043731008,87.779098956269,True,Positive FCF + CapEx
NAUKRI,Mar 2013,75.0,46.0,29.0,38.666666666666664,61.33333333333333,True,Positive FCF + CapEx
NAUKRI,Mar 2014,81.0,204.0,-123.0,-151.85185185185185,251.85185185185185,True,Negative FCF + CapEx
NAUKRI,Mar 2015,51.0,1051.0,-1000.0,-1960.7843137254904,2060.7843137254904,True,Negative FCF + CapEx
NAUKRI,Mar 2016,78.0,2.0,76.0,97.43589743589743,2.564102564102564,True,Positive FCF + CapEx
NAUKRI,Mar 2017,213.0,165.0,48.0,22.535211267605636,77.46478873239437,True,Positive FCF + CapEx
NAUKRI,Mar 2018,253.0,149.0,104.0,41.10671936758894,58.89328063241107,True,Positive FCF + CapEx
NAUKRI,Mar 2019,276.0,59.0,217.0,78.62318840579711,21.3768115942029,True,Positive FCF + CapEx
NAUKRI,Mar 2020,350.0,97.0,253.0,72.28571428571429,27.714285714285715,True,Positive FCF + CapEx
NAUKRI,Mar 2021,276.0,2043.0,-1767.0,-640.2173913043479,740.2173913043479,True,Negative FCF + CapEx
NAUKRI,Mar 2022,707.0,1177.0,-470.0,-66.47807637906648,166.4780763790665,True,Negative FCF + CapEx
NAUKRI,Mar 2023,512.0,358.0,154.0,30.078125,69.921875,True,Positive FCF + CapEx
NAUKRI,Mar 2024,702.0,852.0,-150.0,-21.367521367521366,121.36752136752136,True,Negative FCF + CapEx
NESTLEIND,Dec 2013,1796.0,441.0,1355.0,75.44543429844099,24.55456570155902,True,Positive FCF + CapEx
NESTLEIND,Dec 2014,1644.0,432.0,1212.0,73.72262773722628,26.277372262773724,True,Positive FCF + CapEx
NESTLEIND,Dec 2015,1098.0,70.0,1028.0,93.6247723132969,6.375227686703097,True,Positive FCF + CapEx
NESTLEIND,Dec 2016,1466.0,126.0,1340.0,91.40518417462484,8.594815825375171,True,Positive FCF + CapEx
NESTLEIND,Dec 2017,1818.0,131.0,1687.0,92.7942794279428,7.205720572057206,True,Positive FCF + CapEx
NESTLEIND,Dec 2018,2052.0,52.0,2000.0,97.46588693957115,2.53411306042885,True,Positive FCF + CapEx
NESTLEIND,Dec 2019,2295.0,83.0,2212.0,96.38344226579521,3.6165577342047928,True,Positive FCF + CapEx
NESTLEIND,Dec 2020,2454.0,321.0,2133.0,86.91931540342298,13.080684596577017,True,Positive FCF + CapEx
NESTLEIND,Dec 2021,2236.0,1920.0,316.0,14.132379248658319,85.86762075134168,True,Positive FCF + CapEx
NESTLEIND,Dec 2022,2737.0,392.0,2345.0,85.6777493606138,14.322250639386189,True,Positive FCF + CapEx
NESTLEIND,Dec 2023,3392.0,927.0,2465.0,72.67099056603774,27.329009433962266,True,Positive FCF + CapEx
NESTLEIND,Mar 2024,4175.0,1237.0,2938.0,70.37125748502994,29.628742514970057,True,Positive FCF + CapEx
NHPC,Mar 2013,2846.0,1330.0,1516.0,53.26774420238932,46.732255797610684,True,Positive FCF + CapEx
NHPC,Mar 2014,3824.0,1122.0,2702.0,70.65899581589959,29.341004184100417,True,Positive FCF + CapEx
NHPC,Mar 2015,4061.0,768.0,3293.0,81.08840187146023,18.91159812853977,True,Positive FCF + CapEx
NHPC,Mar 2016,5971.0,746.0,5225.0,87.5062803550494,12.493719644950595,True,Positive FCF + CapEx
NHPC,Mar 2017,8329.0,1864.0,6465.0,77.62036258854604,22.379637411453956,True,Positive FCF + CapEx
NHPC,Mar 2018,4696.0,886.0,3810.0,81.1328790459966,18.867120954003408,True,Positive FCF + CapEx
NHPC,Mar 2019,3824.0,1182.0,2642.0,69.08995815899581,30.910041841004183,True,Positive FCF + CapEx
NHPC,Mar 2020,2993.0,2987.0,6.0,0.20046775810223855,99.79953224189777,True,Positive FCF + CapEx
NHPC,Mar 2021,5070.0,1607.0,3463.0,68.30374753451677,31.696252465483234,True,Positive FCF + CapEx
NHPC,Mar 2022,4590.0,3084.0,1506.0,32.810457516339866,67.18954248366013,True,Positive FCF + CapEx
NHPC,Mar 2023,4705.0,4191.0,514.0,10.924548352816153,89.07545164718384,True,Positive FCF + CapEx
NHPC,Mar 2024,6938.0,5968.0,970.0,13.98097434419141,86.01902565580859,True,Positive FCF + CapEx
NTPC,Mar 2013,16508.0,16845.0,-337.0,-2.041434456021323,102.04143445602132,True,Negative FCF + CapEx
NTPC,Mar 2014,16531.0,15509.0,1022.0,6.182324118323151,93.81767588167685,True,Positive FCF + CapEx
NTPC,Mar 2015,14889.0,15977.0,-1088.0,-7.307408153670495,107.30740815367051,True,Negative FCF + CapEx
NTPC,Mar 2016,24125.0,19162.0,4963.0,20.5720207253886,79.4279792746114,True,Positive FCF + CapEx
NTPC,Mar 2017,20167.0,24480.0,-4313.0,-21.38642336490306,121.38642336490307,True,Negative FCF + CapEx
NTPC,Mar 2018,19670.0,20678.0,-1008.0,-5.124555160142349,105.12455516014234,True,Negative FCF + CapEx
NTPC,Mar 2019,18686.0,24063.0,-5377.0,-28.775553890613292,128.7755538906133,True,Negative FCF + CapEx
NTPC,Mar 2020,23890.0,29628.0,-5738.0,-24.018417748011718,124.01841774801173,True,Negative FCF + CapEx
NTPC,Mar 2021,32444.0,21034.0,11410.0,35.168289976575025,64.83171002342499,True,Positive FCF + CapEx
NTPC,Mar 2022,41788.0,22891.0,18897.0,45.221116109888,54.778883890112,True,Positive FCF + CapEx
NTPC,Mar 2023,47152.0,26145.0,21007.0,44.55166270783848,55.44833729216152,True,Positive FCF + CapEx
NTPC,Mar 2024,40785.0,32141.0,8644.0,21.194066445997304,78.80593355400269,True,Positive FCF + CapEx
ONGC,Mar 2013,39874.0,41220.0,-1346.0,-3.375633244720871,103.37563324472087,True,Negative FCF + CapEx
ONGC,Mar 2014,53270.0,63633.0,-10363.0,-19.453726299981227,119.45372629998123,True,Negative FCF + CapEx
ONGC,Mar 2015,33950.0,30058.0,3892.0,11.463917525773196,88.5360824742268,True,Positive FCF + CapEx
ONGC,Mar 2016,46292.0,38256.0,8036.0,17.359370949624125,82.64062905037588,True,Positive FCF + CapEx
ONGC,Mar 2017,45780.0,43815.0,1965.0,4.292267365661861,95.70773263433814,True,Positive FCF + CapEx
ONGC,Mar 2018,56792.0,66798.0,-10006.0,-17.618678687139035,117.61867868713904,True,Negative FCF + CapEx
ONGC,Mar 2019,61458.0,37132.0,24326.0,39.581502814930516,60.41849718506948,True,Positive FCF + CapEx
ONGC,Mar 2020,70593.0,53159.0,17434.0,24.696499652940094,75.30350034705991,True,Positive FCF + CapEx
ONGC,Mar 2021,47185.0,39141.0,8044.0,17.04779061142312,82.95220938857688,True,Positive FCF + CapEx
ONGC,Mar 2022,78248.0,41197.0,37051.0,47.35073100909927,52.64926899090072,True,Positive FCF + CapEx
ONGC,Mar 2023,86062.0,74690.0,11372.0,13.213729636773488,86.78627036322652,True,Positive FCF + CapEx
ONGC,Mar 2024,99263.0,57203.0,42060.0,42.37228373109819,57.62771626890181,True,Positive FCF + CapEx
PFC,Mar 2013,-25102.0,22.0,-25124.0,100.08764241893076,-0.0876424189307625,True,Negative FCF + CapEx
PFC,Mar 2014,-22473.0,9.0,-22482.0,100.0400480576692,-0.040048057669203045,True,Negative FCF + CapEx
PFC,Mar 2015,-21455.0,491.0,-21946.0,102.28851083663481,-2.288510836634817,True,Negative FCF + CapEx
PFC,Mar 2016,-13298.0,1973.0,-15271.0,114.83681756655135,-14.83681756655136,True,Negative FCF + CapEx
PFC,Mar 2017,1795.0,667.0,1128.0,62.84122562674095,37.15877437325905,True,Positive FCF + CapEx
PFC,Mar 2018,-57148.0,1409.0,-58557.0,102.46552810247078,-2.4655281024707776,True,Negative FCF + CapEx
PFC,Mar 2019,-80252.0,13463.0,-93715.0,116.77590589642625,-16.77590589642626,True,Negative FCF + CapEx
PFC,Mar 2020,-42148.0,73.0,-42221.0,100.17319920280914,-0.17319920280914872,True,Negative FCF + CapEx
PFC,Mar 2021,-59143.0,1741.0,-60884.0,102.94371269634614,-2.943712696346144,True,Negative FCF + CapEx
PFC,Mar 2022,4904.0,547.0,4357.0,88.8458401305057,11.15415986949429,True,Positive FCF + CapEx
PFC,Mar 2023,-74717.0,1694.0,-76411.0,102.2672216496915,-2.2672216496915025,True,Negative FCF + CapEx
PFC,Mar 2024,-97820.0,3409.0,-101229.0,103.48497239828257,-3.48497239828256,True,Negative FCF + CapEx
PIDILITIND,Mar 2013,472.0,144.0,328.0,69.49152542372882,30.508474576271187,True,Positive FCF + CapEx
PIDILITIND,Mar 2014,394.0,99.0,295.0,74.8730964467005,25.12690355329949,True,Positive FCF + CapEx
PIDILITIND,Mar 2015,552.0,436.0,116.0,21.014492753623188,78.98550724637681,True,Positive FCF + CapEx
PIDILITIND,Mar 2016,907.0,491.0,416.0,45.86549062844543,54.13450937155457,True,Positive FCF + CapEx
PIDILITIND,Mar 2017,794.0,879.0,-85.0,-10.70528967254408,110.70528967254407,True,Negative FCF + CapEx
PIDILITIND,Mar 2018,796.0,39.0,757.0,95.10050251256281,4.899497487437186,True,Positive FCF + CapEx
PIDILITIND,Mar 2019,845.0,513.0,332.0,39.289940828402365,60.71005917159763,True,Positive FCF + CapEx
PIDILITIND,Mar 2020,1280.0,103.0,1177.0,91.953125,8.046875,True,Positive FCF + CapEx
PIDILITIND,Mar 2021,1392.0,1688.0,-296.0,-21.26436781609195,121.26436781609196,True,Negative FCF + CapEx
PIDILITIND,Mar 2022,955.0,558.0,397.0,41.57068062827225,58.42931937172775,True,Positive FCF + CapEx
PIDILITIND,Mar 2023,1558.0,899.0,659.0,42.29781771501926,57.70218228498074,True,Positive FCF + CapEx
PIDILITIND,Mar 2024,2724.0,1769.0,955.0,35.05873715124817,64.94126284875183,True,Positive FCF + CapEx
PNB,Mar 2013,-692.0,600.0,-1292.0,186.7052023121387,-86.70520231213872,True,Negative FCF + CapEx
PNB,Mar 2013,-692.0,600.0,-1292.0,186.7052023121387,-86.70520231213872,True,Negative FCF + CapEx
PNB,Mar 2013,-692.0,600.0,-1292.0,186.7052023121387,-86.70520231213872,True,Negative FCF + CapEx
PNB,Mar 2013,-692.0,600.0,-1292.0,186.7052023121387,-86.70520231213872,True,Negative FCF + CapEx
PNB,Mar 2013,-692.0,600.0,-1292.0,186.7052023121387,-86.70520231213872,True,Negative FCF + CapEx
PNB,Mar 2014,16906.0,302.0,16604.0,98.21365195788478,1.7863480421152254,True,Positive FCF + CapEx
PNB,Mar 2014,16906.0,302.0,16604.0,98.21365195788478,1.7863480421152254,True,Positive FCF + CapEx
PNB,Mar 2014,16906.0,302.0,16604.0,98.21365195788478,1.7863480421152254,True,Positive FCF + CapEx
PNB,Mar 2014,16906.0,302.0,16604.0,98.21365195788478,1.7863480421152254,True,Positive FCF + CapEx
PNB,Mar 2014,16906.0,302.0,16604.0,98.21365195788478,1.7863480421152254,True,Positive FCF + CapEx
PNB,Mar 2015,4814.0,872.0,3942.0,81.88616535105942,18.113834648940593,True,Positive FCF + CapEx
PNB,Mar 2015,4814.0,872.0,3942.0,81.88616535105942,18.113834648940593,True,Positive FCF + CapEx
PNB,Mar 2015,4814.0,872.0,3942.0,81.88616535105942,18.113834648940593,True,Positive FCF + CapEx
PNB,Mar 2015,4814.0,872.0,3942.0,81.88616535105942,18.113834648940593,True,Positive FCF + CapEx
PNB,Mar 2015,4814.0,872.0,3942.0,81.88616535105942,18.113834648940593,True,Positive FCF + CapEx
PNB,Mar 2016,14167.0,1352.0,12815.0,90.45669513658503,9.543304863414978,True,Positive FCF + CapEx
PNB,Mar 2016,14167.0,1352.0,12815.0,90.45669513658503,9.543304863414978,True,Positive FCF + CapEx
PNB,Mar 2016,14167.0,1352.0,12815.0,90.45669513658503,9.543304863414978,True,Positive FCF + CapEx
PNB,Mar 2016,14167.0,1352.0,12815.0,90.45669513658503,9.543304863414978,True,Positive FCF + CapEx
PNB,Mar 2016,14167.0,1352.0,12815.0,90.45669513658503,9.543304863414978,True,Positive FCF + CapEx
PNB,Mar 2017,21938.0,159.0,21779.0,99.2752301941836,0.7247698058163917,True,Positive FCF + CapEx
PNB,Mar 2017,21938.0,159.0,21779.0,99.2752301941836,0.7247698058163917,True,Positive FCF + CapEx
PNB,Mar 2017,21938.0,159.0,21779.0,99.2752301941836,0.7247698058163917,True,Positive FCF + CapEx
PNB,Mar 2017,21938.0,159.0,21779.0,99.2752301941836,0.7247698058163917,True,Positive FCF + CapEx
PNB,Mar 2017,21938.0,159.0,21779.0,99.2752301941836,0.7247698058163917,True,Positive FCF + CapEx
PNB,Mar 2018,-1742.0,392.0,-2134.0,122.5028702640643,-22.502870264064295,True,Negative FCF + CapEx
PNB,Mar 2018,-1742.0,392.0,-2134.0,122.5028702640643,-22.502870264064295,True,Negative FCF + CapEx
PNB,Mar 2018,-1742.0,392.0,-2134.0,122.5028702640643,-22.502870264064295,True,Negative FCF + CapEx
PNB,Mar 2018,-1742.0,392.0,-2134.0,122.5028702640643,-22.502870264064295,True,Negative FCF + CapEx
PNB,Mar 2018,-1742.0,392.0,-2134.0,122.5028702640643,-22.502870264064295,True,Negative FCF + CapEx
PNB,Mar 2019,-33532.0,629.0,-34161.0,101.87582011213169,-1.875820112131695,True,Negative FCF + CapEx
PNB,Mar 2019,-33532.0,629.0,-34161.0,101.87582011213169,-1.875820112131695,True,Negative FCF + CapEx
PNB,Mar 2019,-33532.0,629.0,-34161.0,101.87582011213169,-1.875820112131695,True,Negative FCF + CapEx
PNB,Mar 2019,-33532.0,629.0,-34161.0,101.87582011213169,-1.875820112131695,True,Negative FCF + CapEx
PNB,Mar 2019,-33532.0,629.0,-34161.0,101.87582011213169,-1.875820112131695,True,Negative FCF + CapEx
PNB,Mar 2020,-12793.0,338.0,-13131.0,102.64206988196669,-2.6420698819667003,True,Negative FCF + CapEx
PNB,Mar 2020,-12793.0,338.0,-13131.0,102.64206988196669,-2.6420698819667003,True,Negative FCF + CapEx
PNB,Mar 2020,-12793.0,338.0,-13131.0,102.64206988196669,-2.6420698819667003,True,Negative FCF + CapEx
PNB,Mar 2020,-12793.0,338.0,-13131.0,102.64206988196669,-2.6420698819667003,True,Negative FCF + CapEx
PNB,Mar 2020,-12793.0,338.0,-13131.0,102.64206988196669,-2.6420698819667003,True,Negative FCF + CapEx
PNB,Mar 2021,30950.0,787.0,30163.0,97.45718901453958,2.54281098546042,True,Positive FCF + CapEx
PNB,Mar 2021,30950.0,787.0,30163.0,97.45718901453958,2.54281098546042,True,Positive FCF + CapEx
PNB,Mar 2021,30950.0,787.0,30163.0,97.45718901453958,2.54281098546042,True,Positive FCF + CapEx
PNB,Mar 2021,30950.0,787.0,30163.0,97.45718901453958,2.54281098546042,True,Positive FCF + CapEx
PNB,Mar 2021,30950.0,787.0,30163.0,97.45718901453958,2.54281098546042,True,Positive FCF + CapEx
PNB,Mar 2022,20032.0,1204.0,18828.0,93.98961661341852,6.010383386581469,True,Positive FCF + CapEx
PNB,Mar 2022,20032.0,1204.0,18828.0,93.98961661341852,6.010383386581469,True,Positive FCF + CapEx
PNB,Mar 2022,20032.0,1204.0,18828.0,93.98961661341852,6.010383386581469,True,Positive FCF + CapEx
PNB,Mar 2022,20032.0,1204.0,18828.0,93.98961661341852,6.010383386581469,True,Positive FCF + CapEx
PNB,Mar 2022,20032.0,1204.0,18828.0,93.98961661341852,6.010383386581469,True,Positive FCF + CapEx
PNB,Mar 2023,22592.0,732.0,21860.0,96.7599150141643,3.2400849858356944,True,Positive FCF + CapEx
PNB,Mar 2023,22592.0,732.0,21860.0,96.7599150141643,3.2400849858356944,True,Positive FCF + CapEx
PNB,Mar 2023,22592.0,732.0,21860.0,96.7599150141643,3.2400849858356944,True,Positive FCF + CapEx
PNB,Mar 2023,22592.0,732.0,21860.0,96.7599150141643,3.2400849858356944,True,Positive FCF + CapEx
PNB,Mar 2023,22592.0,732.0,21860.0,96.7599150141643,3.2400849858356944,True,Positive FCF + CapEx
PNB,Mar 2024,-27939.0,1506.0,-29445.0,105.39031461398045,-5.390314613980458,True,Negative FCF + CapEx
PNB,Mar 2024,-27939.0,1506.0,-29445.0,105.39031461398045,-5.390314613980458,True,Negative FCF + CapEx
PNB,Mar 2024,-27939.0,1506.0,-29445.0,105.39031461398045,-5.390314613980458,True,Negative FCF + CapEx
PNB,Mar 2024,-27939.0,1506.0,-29445.0,105.39031461398045,-5.390314613980458,True,Negative FCF + CapEx
PNB,Mar 2024,-27939.0,1506.0,-29445.0,105.39031461398045,-5.390314613980458,True,Negative FCF + CapEx
POWERGRID,Mar 2013,11690.0,22084.0,-10394.0,-88.91360136869119,188.9136013686912,True,Negative FCF + CapEx
POWERGRID,Mar 2013,11690.0,22084.0,-10394.0,-88.91360136869119,188.9136013686912,True,Negative FCF + CapEx
POWERGRID,Mar 2014,15223.0,26639.0,-11416.0,-74.99178874072128,174.9917887407213,True,Negative FCF + CapEx
POWERGRID,Mar 2014,15223.0,26639.0,-11416.0,-74.99178874072128,174.9917887407213,True,Negative FCF + CapEx
POWERGRID,Mar 2015,15800.0,24185.0,-8385.0,-53.069620253164565,153.06962025316454,True,Negative FCF + CapEx
POWERGRID,Mar 2015,15800.0,24185.0,-8385.0,-53.069620253164565,153.06962025316454,True,Negative FCF + CapEx
POWERGRID,Mar 2016,15008.0,21576.0,-6568.0,-43.76332622601279,143.7633262260128,True,Negative FCF + CapEx
POWERGRID,Mar 2016,15008.0,21576.0,-6568.0,-43.76332622601279,143.7633262260128,True,Negative FCF + CapEx
POWERGRID,Mar 2017,21575.0,23836.0,-2261.0,-10.479721900347624,110.47972190034763,True,Negative FCF + CapEx
POWERGRID,Mar 2017,21575.0,23836.0,-2261.0,-10.479721900347624,110.47972190034763,True,Negative FCF + CapEx
POWERGRID,Mar 2018,22710.0,25701.0,-2991.0,-13.170409511228534,113.17040951122854,True,Negative FCF + CapEx
POWERGRID,Mar 2018,22710.0,25701.0,-2991.0,-13.170409511228534,113.17040951122854,True,Negative FCF + CapEx
POWERGRID,Mar 2019,23271.0,18727.0,4544.0,19.52644922865369,80.47355077134631,True,Positive FCF + CapEx
POWERGRID,Mar 2019,23271.0,18727.0,4544.0,19.52644922865369,80.47355077134631,True,Positive FCF + CapEx
POWERGRID,Mar 2020,30739.0,10733.0,20006.0,65.08344448420573,34.916555515794265,True,Positive FCF + CapEx
POWERGRID,Mar 2020,30739.0,10733.0,20006.0,65.08344448420573,34.916555515794265,True,Positive FCF + CapEx
POWERGRID,Mar 2021,29403.0,9244.0,20159.0,68.5610311872938,31.438968812706186,True,Positive FCF + CapEx
POWERGRID,Mar 2021,29403.0,9244.0,20159.0,68.5610311872938,31.438968812706186,True,Positive FCF + CapEx
POWERGRID,Mar 2022,26124.0,753.0,25371.0,97.11759301791456,2.8824069820854383,True,Positive FCF + CapEx
POWERGRID,Mar 2022,26124.0,753.0,25371.0,97.11759301791456,2.8824069820854383,True,Positive FCF + CapEx
POWERGRID,Mar 2023,40203.0,7138.0,33065.0,82.24510608661045,17.754893913389548,True,Positive FCF + CapEx
POWERGRID,Mar 2023,40203.0,7138.0,33065.0,82.24510608661045,17.754893913389548,True,Positive FCF + CapEx
POWERGRID,Mar 2024,37290.0,13114.0,24176.0,64.83239474389917,35.16760525610083,True,Positive FCF + CapEx
POWERGRID,Mar 2024,37290.0,13114.0,24176.0,64.83239474389917,35.16760525610083,True,Positive FCF + CapEx
RECLTD,Mar 2013,-20059.0,152.0,-20211.0,100.75776459444639,-0.7577645944463832,True,Negative FCF + CapEx
RECLTD,Mar 2014,-17244.0,136.0,-17380.0,100.78868012062168,-0.7886801206216656,True,Negative FCF + CapEx
RECLTD,Mar 2015,-23898.0,151.0,-24049.0,100.63185203782743,-0.6318520378274333,True,Negative FCF + CapEx
RECLTD,Mar 2016,-13278.0,756.0,-14034.0,105.69362855851784,-5.693628558517849,True,Negative FCF + CapEx
RECLTD,Mar 2017,6805.0,101.0,6704.0,98.51579720793534,1.4842027920646583,True,Positive FCF + CapEx
RECLTD,Mar 2018,-32510.0,46.0,-32556.0,100.14149492463858,-0.14149492463857274,True,Negative FCF + CapEx
RECLTD,Mar 2019,-35866.0,457.0,-36323.0,101.27418725255117,-1.2741872525511626,True,Negative FCF + CapEx
RECLTD,Mar 2020,-32712.0,121.0,-32833.0,100.36989483981414,-0.3698948398141355,True,Negative FCF + CapEx
RECLTD,Mar 2021,-43512.0,861.0,-44373.0,101.97876447876449,-1.9787644787644787,True,Negative FCF + CapEx
RECLTD,Mar 2022,-819.0,287.0,-1106.0,135.04273504273505,-35.04273504273504,True,Negative FCF + CapEx
RECLTD,Mar 2023,-37360.0,943.0,-38303.0,102.52408993576016,-2.524089935760171,True,Negative FCF + CapEx
RECLTD,Mar 2024,-57723.0,1831.0,-59554.0,103.17204580496508,-3.172045804965092,True,Negative FCF + CapEx
RELIANCE,Mar 2013,36918.0,27601.0,9317.0,25.237011755783083,74.76298824421691,True,Positive FCF + CapEx
RELIANCE,Mar 2014,43261.0,73070.0,-29809.0,-68.90501837682902,168.90501837682902,True,Negative FCF + CapEx
RELIANCE,Mar 2015,34374.0,64706.0,-30332.0,-88.24111246872637,188.24111246872636,True,Negative FCF + CapEx
RELIANCE,Mar 2016,38134.0,36186.0,1948.0,5.1083023024073,94.8916976975927,True,Positive FCF + CapEx
RELIANCE,Mar 2017,49550.0,66201.0,-16651.0,-33.60443995963673,133.60443995963672,True,Negative FCF + CapEx
RELIANCE,Mar 2018,71459.0,68192.0,3267.0,4.571852390881484,95.42814760911853,True,Positive FCF + CapEx
RELIANCE,Mar 2019,42346.0,94507.0,-52161.0,-123.17810418929768,223.1781041892977,True,Negative FCF + CapEx
RELIANCE,Mar 2020,94877.0,72497.0,22380.0,23.588435553400718,76.41156444659927,True,Positive FCF + CapEx
RELIANCE,Mar 2021,26958.0,142385.0,-115427.0,-428.17345500408044,528.1734550040804,True,Negative FCF + CapEx
RELIANCE,Mar 2022,110654.0,109162.0,1492.0,1.3483470999692735,98.65165290003073,True,Positive FCF + CapEx
RELIANCE,Mar 2023,115032.0,93001.0,22031.0,19.152062034912024,80.84793796508798,True,Positive FCF + CapEx
RELIANCE,Mar 2024,158788.0,113581.0,45207.0,28.470035519056857,71.52996448094314,True,Positive FCF + CapEx
SBILIFE,Mar 2013,1130.0,227.0,903.0,79.91150442477876,20.088495575221238,True,Positive FCF + CapEx
SBILIFE,Mar 2014,166.0,708.0,-542.0,-326.50602409638554,426.50602409638554,True,Negative FCF + CapEx
SBILIFE,Mar 2015,2711.0,178.0,2533.0,93.4341571375876,6.565842862412394,True,Positive FCF + CapEx
SBILIFE,Mar 2016,5778.0,7204.0,-1426.0,-24.67982000692281,124.67982000692281,True,Negative FCF + CapEx
SBILIFE,Mar 2017,8525.0,9032.0,-507.0,-5.947214076246334,105.94721407624634,True,Negative FCF + CapEx
SBILIFE,Mar 2018,10395.0,8910.0,1485.0,14.285714285714285,85.71428571428571,True,Positive FCF + CapEx
SBILIFE,Mar 2019,13473.0,13552.0,-79.0,-0.5863579009871595,100.58635790098715,True,Negative FCF + CapEx
SBILIFE,Mar 2020,19299.0,16986.0,2313.0,11.985076946992072,88.01492305300793,True,Positive FCF + CapEx
SBILIFE,Mar 2021,23878.0,19203.0,4675.0,19.578691682720496,80.42130831727951,True,Positive FCF + CapEx
SBILIFE,Mar 2022,21852.0,21611.0,241.0,1.1028738788211605,98.89712612117883,True,Positive FCF + CapEx
SBILIFE,Mar 2023,28656.0,30203.0,-1547.0,-5.3985203796761585,105.39852037967617,True,Negative FCF + CapEx
SBILIFE,Mar 2024,29122.0,31221.0,-2099.0,-7.207609367488496,107.2076093674885,True,Negative FCF + CapEx
SHREECEM,Jun 2013,1260.0,270.0,990.0,78.57142857142857,21.428571428571427,True,Positive FCF + CapEx
SHREECEM,Jun 2014,1401.0,1234.0,167.0,11.92005710206995,88.07994289793005,True,Positive FCF + CapEx
SHREECEM,Jun 2015,1239.0,990.0,249.0,20.09685230024213,79.90314769975787,True,Positive FCF + CapEx
SHREECEM,Mar 2017,2202.0,2048.0,154.0,6.993642143505904,93.00635785649409,True,Positive FCF + CapEx
SHREECEM,Mar 2018,1879.0,3595.0,-1716.0,-91.32517296434274,191.32517296434273,True,Negative FCF + CapEx
SHREECEM,Mar 2019,2080.0,720.0,1360.0,65.38461538461539,34.61538461538461,True,Positive FCF + CapEx
SHREECEM,Mar 2020,3973.0,5590.0,-1617.0,-40.699723131135165,140.69972313113516,True,Negative FCF + CapEx
SHREECEM,Mar 2021,4254.0,2651.0,1603.0,37.68218147625764,62.31781852374236,True,Positive FCF + CapEx
SHREECEM,Mar 2022,2668.0,2143.0,525.0,19.67766116941529,80.3223388305847,True,Positive FCF + CapEx
SHREECEM,Mar 2023,2569.0,2405.0,164.0,6.383806928766058,93.61619307123394,True,Positive FCF + CapEx
SHREECEM,Mar 2024,3347.0,1418.0,1929.0,57.63370182252764,42.36629817747236,True,Positive FCF + CapEx
SHRIRAMFIN,Mar 2013,-8359.0,41.0,-8400.0,100.49048929297764,-0.4904892929776289,True,Negative FCF + CapEx
SHRIRAMFIN,Mar 2014,-4055.0,112.0,-4167.0,102.7620221948212,-2.762022194821208,True,Negative FCF + CapEx
SHRIRAMFIN,Mar 2015,-9611.0,45.0,-9656.0,100.46821350535843,-0.4682135053584434,True,Negative FCF + CapEx
SHRIRAMFIN,Mar 2016,-5507.0,36.0,-5543.0,100.65371345560197,-0.6537134556019611,True,Negative FCF + CapEx
SHRIRAMFIN,Mar 2017,-2677.0,2.0,-2679.0,100.07471049682482,-0.0747104968248039,True,Negative FCF + CapEx
SHRIRAMFIN,Mar 2018,-13142.0,86.0,-13228.0,100.65439050372851,-0.654390503728504,True,Negative FCF + CapEx
SHRIRAMFIN,Mar 2019,-5535.0,76.0,-5611.0,101.37308039747064,-1.3730803974706414,True,Negative FCF + CapEx
SHRIRAMFIN,Mar 2020,-2464.0,55.0,-2519.0,102.23214285714286,-2.232142857142857,True,Negative FCF + CapEx
SHRIRAMFIN,Mar 2021,-4239.0,25.0,-4264.0,100.58976173625855,-0.5897617362585515,True,Negative FCF + CapEx
SHRIRAMFIN,Mar 2022,-8859.0,34.0,-8893.0,100.38379049554125,-0.38379049554125744,True,Negative FCF + CapEx
SHRIRAMFIN,Mar 2023,-17625.0,5076.0,-22701.0,128.8,-28.799999999999997,True,Negative FCF + CapEx
SHRIRAMFIN,Mar 2024,-31101.0,258.0,-31359.0,100.82955531976464,-0.8295553197646377,True,Negative FCF + CapEx
SIEMENS,Sep 2011,3.0,264.0,-261.0,-8700.0,8800.0,True,Negative FCF + CapEx
SIEMENS,Sep 2014,608.0,130.0,478.0,78.61842105263158,21.38157894736842,True,Positive FCF + CapEx
SIEMENS,Sep 2015,574.0,646.0,-72.0,-12.543554006968641,112.54355400696865,True,Negative FCF + CapEx
SIEMENS,Sep 2016,513.0,237.0,276.0,53.80116959064327,46.198830409356724,True,Positive FCF + CapEx
SIEMENS,Sep 2017,573.0,1321.0,-748.0,-130.54101221640488,230.54101221640488,True,Negative FCF + CapEx
SIEMENS,Sep 2018,100.0,174.0,-74.0,-74.0,174.0,True,Negative FCF + CapEx
SIEMENS,Sep 2019,1273.0,1135.0,138.0,10.840534171249018,89.15946582875098,True,Positive FCF + CapEx
SIEMENS,Sep 2020,720.0,871.0,-151.0,-20.97222222222222,120.97222222222221,True,Negative FCF + CapEx
SIEMENS,Sep 2021,1422.0,2389.0,-967.0,-68.00281293952179,168.0028129395218,True,Negative FCF + CapEx
SIEMENS,Sep 2022,978.0,34.0,944.0,96.52351738241309,3.476482617586912,True,Positive FCF + CapEx
SIEMENS,Sep 2023,1400.0,759.0,641.0,45.785714285714285,54.214285714285715,True,Positive FCF + CapEx
SIEMENS,Sep 2024,1670.0,502.0,1168.0,69.94011976047905,30.059880239520957,True,Positive FCF + CapEx
SUNPHARMA,Mar 2013,3357.0,2375.0,982.0,29.252308608876977,70.74769139112303,True,Positive FCF + CapEx
SUNPHARMA,Mar 2014,3959.0,2176.0,1783.0,45.03662541045719,54.96337458954281,True,Positive FCF + CapEx
SUNPHARMA,Mar 2015,5616.0,1502.0,4114.0,73.25498575498575,26.745014245014243,True,Positive FCF + CapEx
SUNPHARMA,Mar 2016,6686.0,3949.0,2737.0,40.93628477415495,59.06371522584505,True,Positive FCF + CapEx
SUNPHARMA,Mar 2017,7082.0,4186.0,2896.0,40.89240327591076,59.10759672408924,True,Positive FCF + CapEx
SUNPHARMA,Mar 2018,3907.0,3104.0,803.0,20.552853852060405,79.44714614793959,True,Positive FCF + CapEx
SUNPHARMA,Mar 2019,2196.0,310.0,1886.0,85.88342440801458,14.116575591985429,True,Positive FCF + CapEx
SUNPHARMA,Mar 2020,6555.0,2225.0,4330.0,66.05644546147978,33.94355453852022,True,Positive FCF + CapEx
SUNPHARMA,Mar 2021,6170.0,407.0,5763.0,93.40356564019449,6.59643435980551,True,Positive FCF + CapEx
SUNPHARMA,Mar 2022,8985.0,5556.0,3429.0,38.16360601001669,61.83639398998331,True,Positive FCF + CapEx
SUNPHARMA,Mar 2023,4959.0,7220.0,-2261.0,-45.593869731800766,145.59386973180077,True,Negative FCF + CapEx
SUNPHARMA,Mar 2024,12135.0,763.0,11372.0,93.71240214256284,6.287597857437165,True,Positive FCF + CapEx
TATACONSUM,Mar 2013,173.0,24.0,149.0,86.1271676300578,13.872832369942195,True,Positive FCF + CapEx
TATACONSUM,Mar 2014,422.0,1.0,421.0,99.76303317535546,0.23696682464454977,True,Positive FCF + CapEx
TATACONSUM,Mar 2015,418.0,207.0,211.0,50.47846889952153,49.52153110047847,True,Positive FCF + CapEx
TATACONSUM,Mar 2016,116.0,145.0,-29.0,-25.0,125.0,True,Negative FCF + CapEx
TATACONSUM,Mar 2017,741.0,145.0,596.0,80.43184885290148,19.568151147098515,True,Positive FCF + CapEx
TATACONSUM,Mar 2018,356.0,31.0,325.0,91.29213483146067,8.707865168539326,True,Positive FCF + CapEx
TATACONSUM,Mar 2019,210.0,53.0,157.0,74.76190476190476,25.238095238095237,True,Positive FCF + CapEx
TATACONSUM,Mar 2020,1082.0,622.0,460.0,42.513863216266174,57.48613678373382,True,Positive FCF + CapEx
TATACONSUM,Mar 2021,1656.0,346.0,1310.0,79.10628019323671,20.893719806763286,True,Positive FCF + CapEx
TATACONSUM,Mar 2022,1516.0,1317.0,199.0,13.12664907651715,86.87335092348285,True,Positive FCF + CapEx
TATACONSUM,Mar 2023,1461.0,834.0,627.0,42.91581108829568,57.08418891170432,True,Positive FCF + CapEx
TATACONSUM,Mar 2024,1937.0,1911.0,26.0,1.342281879194631,98.65771812080537,True,Positive FCF + CapEx
TATAMOTORS,Mar 2013,22163.0,22969.0,-806.0,-3.6366917836033026,103.63669178360331,True,Negative FCF + CapEx
TATAMOTORS,Mar 2014,36151.0,27991.0,8160.0,22.571989709828223,77.42801029017178,True,Positive FCF + CapEx
TATAMOTORS,Mar 2015,35531.0,36232.0,-701.0,-1.972925051363598,101.97292505136359,True,Negative FCF + CapEx
TATAMOTORS,Mar 2016,37900.0,36694.0,1206.0,3.182058047493404,96.81794195250659,True,Positive FCF + CapEx
TATAMOTORS,Mar 2017,30199.0,39571.0,-9372.0,-31.03414020331799,131.03414020331797,True,Negative FCF + CapEx
TATAMOTORS,Mar 2018,23857.0,25139.0,-1282.0,-5.373684872364505,105.37368487236452,True,Negative FCF + CapEx
TATAMOTORS,Mar 2019,18891.0,20878.0,-1987.0,-10.518236197130909,110.5182361971309,True,Negative FCF + CapEx
TATAMOTORS,Mar 2020,26633.0,33115.0,-6482.0,-24.338227011602147,124.33822701160216,True,Negative FCF + CapEx
TATAMOTORS,Mar 2021,29001.0,25672.0,3329.0,11.478914520188958,88.52108547981105,True,Positive FCF + CapEx
TATAMOTORS,Mar 2022,14283.0,4444.0,9839.0,68.8860883567878,31.113911643212212,True,Positive FCF + CapEx
TATAMOTORS,Mar 2023,35388.0,15417.0,19971.0,56.43438453713123,43.56561546286877,True,Positive FCF + CapEx
TATAMOTORS,Mar 2024,67915.0,22782.0,45133.0,66.45512773319591,33.54487226680409,True,Positive FCF + CapEx
TATAPOWER,Mar 2013,3286.0,4026.0,-740.0,-22.51978088861838,122.51978088861839,True,Negative FCF + CapEx
TATAPOWER,Mar 2014,6483.0,3609.0,2874.0,44.331328088847755,55.668671911152245,True,Positive FCF + CapEx
TATAPOWER,Mar 2015,5981.0,3865.0,2116.0,35.37869921417823,64.62130078582177,True,Positive FCF + CapEx
TATAPOWER,Mar 2016,7415.0,1805.0,5610.0,75.65745111260958,24.342548887390425,True,Positive FCF + CapEx
TATAPOWER,Mar 2017,7014.0,7373.0,-359.0,-5.1183347590533215,105.11833475905333,True,Negative FCF + CapEx
TATAPOWER,Mar 2018,6364.0,1512.0,4852.0,76.24135763670648,23.758642363293525,True,Positive FCF + CapEx
TATAPOWER,Mar 2019,4574.0,272.0,4302.0,94.05334499344119,5.94665500655881,True,Positive FCF + CapEx
TATAPOWER,Mar 2020,7375.0,493.0,6882.0,93.31525423728813,6.684745762711865,True,Positive FCF + CapEx
TATAPOWER,Mar 2021,8345.0,993.0,7352.0,88.1006590772918,11.899340922708209,True,Positive FCF + CapEx
TATAPOWER,Mar 2022,6693.0,6250.0,443.0,6.618855520693262,93.38114447930674,True,Positive FCF + CapEx
TATAPOWER,Mar 2023,7166.0,7263.0,-97.0,-1.3536142897013677,101.35361428970138,True,Negative FCF + CapEx
TATAPOWER,Mar 2024,12596.0,9027.0,3569.0,28.33439187043506,71.66560812956494,True,Positive FCF + CapEx
TATASTEEL,Mar 2013,14035.0,13099.0,936.0,6.669041681510509,93.3309583184895,True,Positive FCF + CapEx
TATASTEEL,Mar 2014,13146.0,15378.0,-2232.0,-16.97854860794158,116.97854860794156,True,Negative FCF + CapEx
TATASTEEL,Mar 2015,11880.0,9021.0,2859.0,24.065656565656564,75.93434343434343,True,Positive FCF + CapEx
TATASTEEL,Mar 2016,11455.0,8794.0,2661.0,23.23003055434308,76.76996944565691,True,Positive FCF + CapEx
TATASTEEL,Mar 2017,10824.0,9490.0,1334.0,12.324464153732446,87.67553584626755,True,Positive FCF + CapEx
TATASTEEL,Mar 2018,8023.0,11730.0,-3707.0,-46.204661597906025,146.204661597906,True,Negative FCF + CapEx
TATASTEEL,Mar 2019,25336.0,29176.0,-3840.0,-15.156299336911905,115.1562993369119,True,Negative FCF + CapEx
TATASTEEL,Mar 2020,20169.0,14012.0,6157.0,30.527046457434675,69.47295354256532,True,Positive FCF + CapEx
TATASTEEL,Mar 2021,44327.0,9437.0,34890.0,78.71049247636881,21.289507523631197,True,Positive FCF + CapEx
TATASTEEL,Mar 2022,44381.0,10905.0,33476.0,75.42867443275276,24.571325567247246,True,Positive FCF + CapEx
TATASTEEL,Mar 2023,21683.0,18179.0,3504.0,16.16012544389614,83.83987455610385,True,Positive FCF + CapEx
TATASTEEL,Mar 2024,20301.0,14253.0,6048.0,29.791635880005913,70.20836411999409,True,Positive FCF + CapEx
TCS,Mar 2013,11615.0,6038.0,5577.0,48.0154972018941,51.9845027981059,True,Positive FCF + CapEx
TCS,Mar 2014,14751.0,9452.0,5299.0,35.92298827198156,64.07701172801843,True,Positive FCF + CapEx
TCS,Mar 2015,19369.0,1807.0,17562.0,90.6706593009448,9.32934069905519,True,Positive FCF + CapEx
TCS,Mar 2016,19109.0,5010.0,14099.0,73.78198754513579,26.218012454864198,True,Positive FCF + CapEx
TCS,Mar 2017,25223.0,16895.0,8328.0,33.0174840423423,66.9825159576577,True,Positive FCF + CapEx
TCS,Mar 2018,25067.0,3104.0,21963.0,87.61718594167631,12.382814058323692,True,Positive FCF + CapEx
TCS,Mar 2019,28593.0,1645.0,26948.0,94.24684363305704,5.753156366942958,True,Positive FCF + CapEx
TCS,Mar 2020,32369.0,8968.0,23401.0,72.29447928573636,27.70552071426365,True,Positive FCF + CapEx
TCS,Mar 2021,38802.0,7956.0,30846.0,79.49590227307871,20.50409772692129,True,Positive FCF + CapEx
TCS,Mar 2022,39949.0,738.0,39211.0,98.15264462189292,1.8473553781070864,True,Positive FCF + CapEx
TCS,Mar 2023,41965.0,548.0,41417.0,98.69414988681044,1.3058501131895626,True,Positive FCF + CapEx
TCS,Mar 2024,44338.0,6091.0,38247.0,86.26234832423656,13.737651675763454,True,Positive FCF + CapEx
TECHM,Mar 2013,855.0,622.0,233.0,27.251461988304094,72.74853801169591,True,Positive FCF + CapEx
TECHM,Mar 2013,855.0,622.0,233.0,27.251461988304094,72.74853801169591,True,Positive FCF + CapEx
TECHM,Mar 2014,1596.0,291.0,1305.0,81.76691729323309,18.23308270676692,True,Positive FCF + CapEx
TECHM,Mar 2014,1596.0,291.0,1305.0,81.76691729323309,18.23308270676692,True,Positive FCF + CapEx
TECHM,Mar 2015,2448.0,1865.0,583.0,23.815359477124183,76.18464052287581,True,Positive FCF + CapEx
TECHM,Mar 2015,2448.0,1865.0,583.0,23.815359477124183,76.18464052287581,True,Positive FCF + CapEx
TECHM,Mar 2016,3137.0,1453.0,1684.0,53.68186165125917,46.31813834874083,True,Positive FCF + CapEx
TECHM,Mar 2016,3137.0,1453.0,1684.0,53.68186165125917,46.31813834874083,True,Positive FCF + CapEx
TECHM,Mar 2017,4071.0,2893.0,1178.0,28.93637926799312,71.06362073200688,True,Positive FCF + CapEx
TECHM,Mar 2017,4071.0,2893.0,1178.0,28.93637926799312,71.06362073200688,True,Positive FCF + CapEx
TECHM,Mar 2018,3554.0,3319.0,235.0,6.612267867191897,93.3877321328081,True,Positive FCF + CapEx
TECHM,Mar 2018,3554.0,3319.0,235.0,6.612267867191897,93.3877321328081,True,Positive FCF + CapEx
TECHM,Mar 2019,4432.0,2104.0,2328.0,52.52707581227437,47.47292418772563,True,Positive FCF + CapEx
TECHM,Mar 2019,4432.0,2104.0,2328.0,52.52707581227437,47.47292418772563,True,Positive FCF + CapEx
TECHM,Mar 2020,4358.0,1081.0,3277.0,75.19504359798073,24.804956402019272,True,Positive FCF + CapEx
TECHM,Mar 2020,4358.0,1081.0,3277.0,75.19504359798073,24.804956402019272,True,Positive FCF + CapEx
TECHM,Mar 2021,8094.0,5433.0,2661.0,32.87620459599703,67.12379540400296,True,Positive FCF + CapEx
TECHM,Mar 2021,8094.0,5433.0,2661.0,32.87620459599703,67.12379540400296,True,Positive FCF + CapEx
TECHM,Mar 2022,5285.0,480.0,4805.0,90.91769157994324,9.082308420056764,True,Positive FCF + CapEx
TECHM,Mar 2022,5285.0,480.0,4805.0,90.91769157994324,9.082308420056764,True,Positive FCF + CapEx
TECHM,Mar 2023,5572.0,226.0,5346.0,95.94400574300072,4.0559942569992815,True,Positive FCF + CapEx
TECHM,Mar 2023,5572.0,226.0,5346.0,95.94400574300072,4.0559942569992815,True,Positive FCF + CapEx
TECHM,Mar 2024,6376.0,1318.0,5058.0,79.32873274780427,20.671267252195737,True,Positive FCF + CapEx
TECHM,Mar 2024,6376.0,1318.0,5058.0,79.32873274780427,20.671267252195737,True,Positive FCF + CapEx
TITAN,Mar 2013,553.0,142.0,411.0,74.32188065099457,25.678119349005424,True,Positive FCF + CapEx
TITAN,Mar 2014,-555.0,271.0,-826.0,148.82882882882882,-48.82882882882883,True,Negative FCF + CapEx
TITAN,Mar 2015,503.0,118.0,385.0,76.54075546719682,23.45924453280318,True,Positive FCF + CapEx
TITAN,Mar 2016,576.0,159.0,417.0,72.39583333333334,27.604166666666668,True,Positive FCF + CapEx
TITAN,Mar 2017,1712.0,953.0,759.0,44.334112149532714,55.665887850467286,True,Positive FCF + CapEx
TITAN,Mar 2018,-51.0,98.0,-149.0,292.156862745098,-192.15686274509804,True,Negative FCF + CapEx
TITAN,Mar 2019,1243.0,797.0,446.0,35.88093322606597,64.11906677393404,True,Positive FCF + CapEx
TITAN,Mar 2020,-348.0,235.0,-583.0,167.52873563218392,-67.52873563218391,True,Negative FCF + CapEx
TITAN,Mar 2021,4139.0,2799.0,1340.0,32.374969799468474,67.62503020053153,True,Positive FCF + CapEx
TITAN,Mar 2022,-724.0,1165.0,-1889.0,260.91160220994476,-160.91160220994476,True,Negative FCF + CapEx
TITAN,Mar 2023,1370.0,1814.0,-444.0,-32.408759124087595,132.4087591240876,True,Negative FCF + CapEx
TITAN,Mar 2024,1695.0,189.0,1506.0,88.84955752212389,11.150442477876107,True,Positive FCF + CapEx
TORNTPHARM,Mar 2013,153.0,247.0,-94.0,-61.43790849673203,161.43790849673204,True,Negative FCF + CapEx
TORNTPHARM,Mar 2014,599.0,418.0,181.0,30.217028380634392,69.78297161936561,True,Positive FCF + CapEx
TORNTPHARM,Mar 2015,810.0,2113.0,-1303.0,-160.8641975308642,260.8641975308642,True,Negative FCF + CapEx
TORNTPHARM,Mar 2016,2742.0,869.0,1873.0,68.30780452224654,31.692195477753465,True,Positive FCF + CapEx
TORNTPHARM,Mar 2017,1009.0,798.0,211.0,20.911793855302278,79.08820614469772,True,Positive FCF + CapEx
TORNTPHARM,Mar 2018,894.0,4677.0,-3783.0,-423.1543624161074,523.1543624161075,True,Negative FCF + CapEx
TORNTPHARM,Mar 2019,1798.0,246.0,1552.0,86.31813125695217,13.681868743047831,True,Positive FCF + CapEx
TORNTPHARM,Mar 2020,1393.0,229.0,1164.0,83.56066044508256,16.439339554917446,True,Positive FCF + CapEx
TORNTPHARM,Mar 2021,2005.0,444.0,1561.0,77.85536159600997,22.144638403990026,True,Positive FCF + CapEx
TORNTPHARM,Mar 2022,1803.0,196.0,1607.0,89.12922906267332,10.870770937326677,True,Positive FCF + CapEx
TORNTPHARM,Mar 2023,2368.0,2335.0,33.0,1.3935810810810811,98.60641891891892,True,Positive FCF + CapEx
TORNTPHARM,Mar 2024,3266.0,160.0,3106.0,95.10104102878138,4.898958971218616,True,Positive FCF + CapEx
TRENT,Mar 2013,31.0,276.0,-245.0,-790.3225806451613,890.3225806451612,True,Negative FCF + CapEx
TRENT,Mar 2014,-46.0,48.0,-94.0,204.34782608695653,-104.34782608695652,True,Negative FCF + CapEx
TRENT,Mar 2015,-10.0,306.0,-316.0,3160.0,-3060.0,True,Negative FCF + CapEx
TRENT,Mar 2016,109.0,98.0,11.0,10.091743119266056,89.90825688073394,True,Positive FCF + CapEx
TRENT,Mar 2017,102.0,44.0,58.0,56.86274509803921,43.13725490196079,True,Positive FCF + CapEx
TRENT,Mar 2018,77.0,4.0,73.0,94.8051948051948,5.194805194805195,True,Positive FCF + CapEx
TRENT,Mar 2019,21.0,37.0,-16.0,-76.19047619047619,176.19047619047618,True,Negative FCF + CapEx
TRENT,Mar 2020,361.0,809.0,-448.0,-124.09972299168975,224.09972299168976,True,Negative FCF + CapEx
TRENT,Mar 2021,285.0,18.0,267.0,93.6842105263158,6.315789473684211,True,Positive FCF + CapEx
TRENT,Mar 2022,58.0,56.0,2.0,3.4482758620689653,96.55172413793103,True,Positive FCF + CapEx
TRENT,Mar 2023,595.0,103.0,492.0,82.68907563025209,17.310924369747898,True,Positive FCF + CapEx
TRENT,Mar 2024,1349.0,508.0,841.0,62.34247590808006,37.65752409191994,True,Positive FCF + CapEx
TVSMOTOR,Mar 2013,464.0,120.0,344.0,74.13793103448276,25.862068965517242,True,Positive FCF + CapEx
TVSMOTOR,Mar 2014,470.0,235.0,235.0,50.0,50.0,True,Positive FCF + CapEx
TVSMOTOR,Mar 2015,83.0,415.0,-332.0,-400.0,500.0,True,Negative FCF + CapEx
TVSMOTOR,Mar 2016,936.0,605.0,331.0,35.363247863247864,64.63675213675214,True,Positive FCF + CapEx
TVSMOTOR,Mar 2017,689.0,709.0,-20.0,-2.9027576197387517,102.90275761973875,True,Negative FCF + CapEx
TVSMOTOR,Mar 2018,354.0,1095.0,-741.0,-209.3220338983051,309.3220338983051,True,Negative FCF + CapEx
TVSMOTOR,Mar 2019,-918.0,1104.0,-2022.0,220.26143790849676,-120.26143790849673,True,Negative FCF + CapEx
TVSMOTOR,Mar 2020,373.0,1090.0,-717.0,-192.22520107238606,292.2252010723861,True,Negative FCF + CapEx
TVSMOTOR,Mar 2021,1151.0,882.0,269.0,23.370981754995658,76.62901824500435,True,Positive FCF + CapEx
TVSMOTOR,Mar 2022,-1575.0,1471.0,-3046.0,193.3968253968254,-93.3968253968254,True,Negative FCF + CapEx
TVSMOTOR,Mar 2023,-4405.0,1308.0,-5713.0,129.69353007945517,-29.693530079455165,True,Negative FCF + CapEx
TVSMOTOR,Mar 2024,-1253.0,1001.0,-2254.0,179.88826815642457,-79.88826815642457,True,Negative FCF + CapEx
ULTRACEMCO,Mar 2013,3618.0,4362.0,-744.0,-20.563847429519072,120.56384742951907,True,Negative FCF + CapEx
ULTRACEMCO,Mar 2014,3455.0,2342.0,1113.0,32.214182344428366,67.78581765557163,True,Positive FCF + CapEx
ULTRACEMCO,Mar 2015,4190.0,2144.0,2046.0,48.83054892601432,51.169451073985684,True,Positive FCF + CapEx
ULTRACEMCO,Mar 2016,4526.0,3673.0,853.0,18.846663720724703,81.1533362792753,True,Positive FCF + CapEx
ULTRACEMCO,Mar 2017,5005.0,2501.0,2504.0,50.02997002997003,49.97002997002997,True,Positive FCF + CapEx
ULTRACEMCO,Mar 2018,3888.0,1866.0,2022.0,52.00617283950617,47.99382716049383,True,Positive FCF + CapEx
ULTRACEMCO,Mar 2019,5956.0,1165.0,4791.0,80.43989254533244,19.560107454667563,True,Positive FCF + CapEx
ULTRACEMCO,Mar 2020,8972.0,4192.0,4780.0,53.27686134641105,46.72313865358894,True,Positive FCF + CapEx
ULTRACEMCO,Mar 2021,12500.0,8856.0,3644.0,29.152,70.848,True,Positive FCF + CapEx
ULTRACEMCO,Mar 2022,9283.0,2257.0,7026.0,75.68673920068943,24.31326079931057,True,Positive FCF + CapEx
ULTRACEMCO,Mar 2023,9069.0,7188.0,1881.0,20.740985775719484,79.2590142242805,True,Positive FCF + CapEx
ULTRACEMCO,Mar 2024,10898.0,8789.0,2109.0,19.352174710956138,80.64782528904387,True,Positive FCF + CapEx
UNIONBANK,Mar 2013,-4245.0,343.0,-4588.0,108.08009422850414,-8.080094228504123,True,Negative FCF + CapEx
UNIONBANK,Mar 2014,2570.0,363.0,2207.0,85.87548638132296,14.124513618677042,True,Positive FCF + CapEx
UNIONBANK,Mar 2015,-3567.0,318.0,-3885.0,108.91505466778806,-8.915054667788057,True,Negative FCF + CapEx
UNIONBANK,Mar 2016,81.0,9.0,72.0,88.88888888888889,11.11111111111111,True,Positive FCF + CapEx
UNIONBANK,Mar 2017,-6624.0,280.0,-6904.0,104.22705314009661,-4.2270531400966185,True,Negative FCF + CapEx
UNIONBANK,Mar 2018,6097.0,315.0,5782.0,94.83352468427096,5.1664753157290475,True,Positive FCF + CapEx
UNIONBANK,Mar 2019,-7778.0,297.0,-8075.0,103.81846232964773,-3.8184623296477245,True,Negative FCF + CapEx
UNIONBANK,Mar 2020,-77.0,4.0,-81.0,105.1948051948052,-5.194805194805195,True,Negative FCF + CapEx
UNIONBANK,Mar 2021,20527.0,601.0,19926.0,97.07214887708872,2.9278511229112874,True,Positive FCF + CapEx
UNIONBANK,Mar 2022,36339.0,558.0,35781.0,98.46445967142739,1.535540328572608,True,Positive FCF + CapEx
UNIONBANK,Mar 2023,6056.0,2561.0,3495.0,57.7113606340819,42.288639365918094,True,Positive FCF + CapEx
UNIONBANK,Mar 2024,19930.0,1394.0,18536.0,93.00551931761164,6.99448068238836,True,Positive FCF + CapEx
INDIGO,Mar 2013,1741.0,1890.0,-149.0,-8.558299827685238,108.55829982768523,True,Negative FCF + CapEx
INDIGO,Mar 2014,1595.0,2914.0,-1319.0,-82.69592476489028,182.69592476489026,True,Negative FCF + CapEx
INDIGO,Mar 2015,2384.0,940.0,1444.0,60.570469798657726,39.42953020134228,True,Positive FCF + CapEx
INDIGO,Mar 2016,3116.0,1337.0,1779.0,57.09242618741976,42.90757381258023,True,Positive FCF + CapEx
INDIGO,Mar 2017,3782.0,3033.0,749.0,19.804336329984135,80.19566367001586,True,Positive FCF + CapEx
INDIGO,Mar 2018,3903.0,4152.0,-249.0,-6.379707916986933,106.37970791698694,True,Negative FCF + CapEx
INDIGO,Mar 2019,3160.0,2526.0,634.0,20.063291139240505,79.9367088607595,True,Positive FCF + CapEx
INDIGO,Mar 2020,6943.0,4573.0,2370.0,34.13510010082097,65.86489989917904,True,Positive FCF + CapEx
INDIGO,Mar 2021,-1620.0,3228.0,-4848.0,299.25925925925924,-199.25925925925927,True,Negative FCF + CapEx
INDIGO,Mar 2022,2064.0,1527.0,537.0,26.01744186046512,73.98255813953489,True,Positive FCF + CapEx
INDIGO,Mar 2023,12703.0,4039.0,8664.0,68.2043611745257,31.7956388254743,True,Positive FCF + CapEx
INDIGO,Mar 2024,21183.0,11759.0,9424.0,44.48850493320115,55.511495066798844,True,Positive FCF + CapEx
